id,country
21650201,AUT
27260497,AUT
27288970,AUT
34017419,AUT
60567760,AUT
76558003,AUT
86923609,AUT
88114339,AUT
89412066,AUT
90507151,AUT
94593350,AUT
94600508,AUT
137569802,AUT
146410382,AUT
208387813,AUT
243721659,AUT
247777479,AUT
248086090,AUT
248089929,AUT
248089937,AUT
248104214,AUT
248158552,AUT
248960825,AUT
253061856,AUT
253236086,AUT
253239505,AUT
253377519,AUT
253854774,AUT
256169298,AUT
256300817,AUT
265980060,AUT
266072736,AUT
268587101,AUT
268590618,AUT
268590635,AUT
268590638,AUT
268590643,AUT
273668945,AUT
280534508,AUT
280834379,AUT
280835083,AUT
280835469,AUT
281431143,AUT
288162059,AUT
289326043,AUT
289672183,AUT
290797195,AUT
292218509,AUT
293250002,AUT
294914387,AUT
300544379,AUT
302688785,AUT
305880534,AUT
309469999,AUT
313390792,AUT
313793076,AUT
313908855,AUT
316015151,AUT
316020433,AUT
316077200,AUT
316077205,AUT
316077207,AUT
316570911,AUT
321984079,AUT
327361773,AUT
329205089,AUT
329991124,AUT
330029050,AUT
339236086,AUT
339236094,AUT
349198888,AUT
357999663,AUT
360163475,AUT
365765224,AUT
367460867,AUT
369787351,AUT
380924342,AUT
396422424,AUT
409230145,AUT
411530862,AUT
411530870,AUT
414173901,AUT
419011516,AUT
422044982,AUT
423184206,AUT
430259294,AUT
430868308,AUT
433565074,AUT
434624858,AUT
444830313,AUT
444842984,AUT
444858771,AUT
454548241,AUT
486763058,AUT
491177619,AUT
507684661,AUT
512528465,AUT
540435153,AUT
540435158,AUT
597840928,AUT
599814160,AUT
619716523,AUT
621122297,AUT
623450343,AUT
652665707,AUT
660859149,AUT
660859157,AUT
662580552,AUT
667028204,AUT
669908811,AUT
685169534,AUT
690526707,AUT
702676133,AUT
716921527,AUT
730674160,AUT
736618461,AUT
765716011,AUT
766664210,AUT
778340437,AUT
795675354,AUT
799499480,AUT
799678868,AUT
807784725,AUT
817805571,AUT
827500955,AUT
848728588,AUT
863123761,AUT
891531752,AUT
893258767,AUT
894117696,AUT
901561041,AUT
916174423,AUT
920074499,AUT
924675668,AUT
937458604,AUT
951467945,AUT
959819178,AUT
986058596,AUT
1059125472,AUT
1144470153,AUT
1196845105,AUT
1224117384,AUT
1229817753,AUT
1236009151,AUT
1243859215,AUT
1244825393,AUT
1267073369,AUT
1363456492,AUT
1364241018,AUT
1385244902,AUT
1434105019,AUT
1435374343,AUT
1442062292,AUT
1456217042,AUT
1456283442,AUT
1461556142,AUT
1469237850,AUT
1488953957,AUT
1510061679,AUT
1557007321,AUT
1582368878,AUT
1594519071,AUT
1597646659,AUT
1633724732,AUT
1686042585,AUT
1704734745,AUT
1714415421,AUT
1714415428,AUT
1715180970,AUT
1717617435,AUT
1717617446,AUT
1721466887,AUT
1723249085,AUT
1862879620,AUT
1894949660,AUT
1914161299,AUT
1927376620,AUT
1972794518,AUT
1975080118,AUT
2020455799,AUT
2045041452,AUT
2150252189,AUT
2161273638,AUT
2179485880,AUT
2245170692,AUT
2311879134,AUT
2334708597,AUT
2342570053,AUT
2343435056,AUT
2433996314,AUT
2453811935,AUT
2598618007,AUT
2709420307,AUT
2825095804,AUT
2915660930,AUT
2946982343,AUT
2957043209,AUT
2959142556,AUT
3041510643,AUT
3240807057,AUT
3245145530,AUT
3334249100,AUT
3334249803,AUT
3359725842,AUT
3542210937,AUT
3734095648,AUT
3851796584,AUT
3915288918,AUT
3937465566,AUT
3964558985,AUT
4229419999,AUT
4265564443,AUT
4494503859,AUT
4606649010,AUT
4618615355,AUT
4665038354,AUT
4665038355,AUT
4697119762,AUT
5220583711,AUT
5252865758,AUT
5304377621,AUT
5335060571,AUT
5356959710,AUT
5429004787,AUT
5462940901,AUT
5497532582,AUT
5942542232,AUT
6183079661,AUT
6393847203,AUT
6681604863,AUT
6981723328,AUT
6991627294,AUT
6992050777,AUT
6993827014,AUT
7284544751,AUT
7742011911,AUT
7937507046,AUT
8140512710,AUT
8397999505,AUT
8569125402,AUT
9051815313,AUT
9106297522,AUT
9107486378,AUT
9110171564,AUT
9128064503,AUT
9128064510,AUT
9128064511,AUT
9141531992,AUT
9142909971,AUT
9167381469,AUT
9200875239,AUT
9235910259,AUT
9375816877,AUT
9418380368,AUT
9547576001,AUT
9977454631,AUT
9977454658,AUT
9998592840,AUT
32523952,BEL
94101806,BEL
276470806,BEL
307612275,BEL
389080611,BEL
416822470,BEL
452592842,BEL
452592846,BEL
539777888,BEL
539795089,BEL
539874219,BEL
603236092,BEL
614288828,BEL
737361993,BEL
740597409,BEL
760589400,BEL
774053382,BEL
783205525,BEL
926754449,BEL
1102480988,BEL
1102481111,BEL
1204177695,BEL
1463864476,BEL
1540759920,BEL
1545587354,BEL
1704472519,BEL
1736924629,BEL
1738637620,BEL
1738645425,BEL
1738650059,BEL
1738650065,BEL
1738652433,BEL
1738674419,BEL
1738681323,BEL
1738681325,BEL
1738681326,BEL
1738681327,BEL
1738681329,BEL
1738681330,BEL
1738681331,BEL
1738682216,BEL
1738683342,BEL
1738686642,BEL
1757200224,BEL
1757200840,BEL
1757205616,BEL
1761258679,BEL
1773912953,BEL
1816728545,BEL
1817347647,BEL
1885139075,BEL
1962426907,BEL
1965614455,BEL
2210349221,BEL
2211635131,BEL
2297248156,BEL
2368119974,BEL
2404885491,BEL
2429902967,BEL
2456968010,BEL
2522404231,BEL
2522412963,BEL
2522419893,BEL
2933229833,BEL
2933245279,BEL
3080270028,BEL
3709755249,BEL
3767634830,BEL
3849185112,BEL
4512329589,BEL
4601742777,BEL
4795794910,BEL
5034414574,BEL
5615288252,BEL
5615288300,BEL
5622705505,BEL
5622802340,BEL
5777825802,BEL
5812682630,BEL
6577668421,BEL
6745633341,BEL
6745740698,BEL
6745834120,BEL
6784924576,BEL
6785150793,BEL
6785371054,BEL
6787897580,BEL
6787974370,BEL
6788061750,BEL
6792572428,BEL
6792592045,BEL
6792711223,BEL
6792778962,BEL
6792928797,BEL
6948697548,BEL
6948867220,BEL
7057852278,BEL
7829717531,BEL
8016552392,BEL
8016606818,BEL
8058857051,BEL
8108791195,BEL
9925185511,BEL
27585370,CZE
27585373,CZE
27585379,CZE
32924797,CZE
32976941,CZE
33381325,CZE
33381341,CZE
33381345,CZE
33381348,CZE
33711400,CZE
33711405,CZE
33711408,CZE
33711414,CZE
39826162,CZE
40138961,CZE
51214822,CZE
244199522,CZE
247638048,CZE
248543834,CZE
248907143,CZE
248907269,CZE
249524317,CZE
253076974,CZE
253079844,CZE
256011231,CZE
259242495,CZE
259242496,CZE
259242497,CZE
259242498,CZE
259242499,CZE
260413773,CZE
260413775,CZE
260413777,CZE
260947356,CZE
262416071,CZE
262416072,CZE
263275648,CZE
264219391,CZE
264338697,CZE
264771632,CZE
266228112,CZE
266228116,CZE
266691876,CZE
267466092,CZE
271009138,CZE
278588468,CZE
283078840,CZE
283601485,CZE
286963723,CZE
289521864,CZE
292977408,CZE
298524761,CZE
298524782,CZE
301851752,CZE
304122652,CZE
325700476,CZE
325704584,CZE
343511279,CZE
343627336,CZE
357139558,CZE
359683376,CZE
385700274,CZE
385734769,CZE
385734771,CZE
385734772,CZE
385738923,CZE
385738926,CZE
385744604,CZE
390154463,CZE
390154562,CZE
403805785,CZE
406610113,CZE
408752380,CZE
409760785,CZE
409760786,CZE
410925833,CZE
428881963,CZE
443352837,CZE
444558788,CZE
532077140,CZE
536071318,CZE
550151062,CZE
560898786,CZE
580660716,CZE
597782672,CZE
622011416,CZE
667304275,CZE
679670453,CZE
747088878,CZE
748343959,CZE
772957926,CZE
772957931,CZE
818924400,CZE
842666635,CZE
847692779,CZE
872576530,CZE
872576536,CZE
876498806,CZE
897877343,CZE
899485003,CZE
924010059,CZE
924010061,CZE
924010064,CZE
953099860,CZE
976473565,CZE
978023887,CZE
1021330844,CZE
1038119920,CZE
1090765523,CZE
1099636729,CZE
1118967447,CZE
1233353391,CZE
1266756714,CZE
1306134965,CZE
1370395321,CZE
1478916525,CZE
1481092970,CZE
1500973806,CZE
1532816530,CZE
1578330923,CZE
1632946783,CZE
1710230183,CZE
1710256098,CZE
1746680457,CZE
1758910036,CZE
1766344351,CZE
1767839150,CZE
1767846462,CZE
1851641419,CZE
1872702395,CZE
1913211396,CZE
1937312951,CZE
1984778853,CZE
1996053970,CZE
1996070304,CZE
2021419462,CZE
2041711039,CZE
2050232648,CZE
2121258331,CZE
2126846990,CZE
2126847256,CZE
2126849160,CZE
2184142612,CZE
2184437361,CZE
2291746460,CZE
2292756574,CZE
2296951971,CZE
2304976664,CZE
2304976683,CZE
2304976684,CZE
2305592296,CZE
2309848937,CZE
2327734589,CZE
2364427249,CZE
2367592927,CZE
2374717604,CZE
2374739165,CZE
2379327158,CZE
2385088803,CZE
2385492397,CZE
2386970284,CZE
2398598970,CZE
2398645161,CZE
2411639576,CZE
2423271400,CZE
2423841163,CZE
2448578165,CZE
2450336745,CZE
2453476017,CZE
2492706214,CZE
2514778536,CZE
2536298135,CZE
2569992125,CZE
2704436470,CZE
2704444344,CZE
2704642507,CZE
2704685724,CZE
2704685725,CZE
2704707216,CZE
2705268639,CZE
2705268640,CZE
2705275505,CZE
2705275506,CZE
2706659464,CZE
2706668355,CZE
2708787717,CZE
2708787725,CZE
2708787726,CZE
2708787730,CZE
2708787747,CZE
2708787762,CZE
2713918584,CZE
2822172179,CZE
2885706095,CZE
2926236304,CZE
2953934085,CZE
2979104843,CZE
3079819149,CZE
3110769865,CZE
3179402971,CZE
3241772184,CZE
3261246973,CZE
3261647326,CZE
3334249311,CZE
3334249796,CZE
3409298109,CZE
3409298122,CZE
3409526436,CZE
3409526446,CZE
3791549957,CZE
3838117976,CZE
3838117982,CZE
3838117983,CZE
3838860750,CZE
3840504537,CZE
3840504538,CZE
3840504539,CZE
3840692358,CZE
3845415464,CZE
3845415466,CZE
3846143758,CZE
3846143759,CZE
3863354159,CZE
3870002225,CZE
3870002227,CZE
3879238195,CZE
3880519121,CZE
3883948449,CZE
3958913465,CZE
3960628398,CZE
4000707412,CZE
4197506938,CZE
4212944825,CZE
4399139593,CZE
4400971193,CZE
4589409457,CZE
4755204033,CZE
4828683026,CZE
4828711721,CZE
4828716621,CZE
4853159302,CZE
4853159387,CZE
5305212205,CZE
5318471670,CZE
5437737368,CZE
5505942102,CZE
5527136611,CZE
5527137061,CZE
5614196290,CZE
5614196309,CZE
5614196315,CZE
5614197721,CZE
5614197727,CZE
5614230054,CZE
5614230055,CZE
5614230056,CZE
5614230063,CZE
5614230064,CZE
5614230075,CZE
5614230080,CZE
5614230085,CZE
5614230093,CZE
5695450500,CZE
5970039843,CZE
6074592787,CZE
6283886682,CZE
6742711231,CZE
6743997080,CZE
6791194843,CZE
6791194851,CZE
7279216183,CZE
7365245915,CZE
7365245916,CZE
7365245926,CZE
7365245957,CZE
7366403296,CZE
7366403301,CZE
7366403303,CZE
7366403304,CZE
7500318518,CZE
7500318519,CZE
7512859625,CZE
7519511823,CZE
7519511856,CZE
7526786946,CZE
7529740449,CZE
7554183213,CZE
7554212432,CZE
7554212448,CZE
7554212452,CZE
7554212463,CZE
7555256748,CZE
7555256750,CZE
7572241306,CZE
7572241307,CZE
7572241313,CZE
7572241328,CZE
7572241331,CZE
7572241334,CZE
7572241345,CZE
7580865696,CZE
7580865729,CZE
7591086930,CZE
7591086936,CZE
7598937844,CZE
7607854433,CZE
7608302750,CZE
7616235762,CZE
7832450085,CZE
7832450285,CZE
8030533318,CZE
8922767616,CZE
9038190953,CZE
9043532558,CZE
9049036867,CZE
9214505085,CZE
10033057350,CZE
119755404,DNK
224586017,DNK
252302687,DNK
252303189,DNK
269531544,DNK
274099514,DNK
274955894,DNK
278005882,DNK
290525443,DNK
290657556,DNK
290711703,DNK
293703077,DNK
296952847,DNK
298470130,DNK
311289434,DNK
337958208,DNK
409553956,DNK
411842151,DNK
417703719,DNK
420323412,DNK
420325118,DNK
443450369,DNK
611352879,DNK
611352885,DNK
611352887,DNK
611352889,DNK
611352900,DNK
611352938,DNK
611352943,DNK
611352968,DNK
611352988,DNK
611352997,DNK
611353368,DNK
759994634,DNK
978386821,DNK
993134454,DNK
1109596340,DNK
1224367267,DNK
1224367288,DNK
1650799441,DNK
1673369090,DNK
1704517569,DNK
1888648339,DNK
1927582918,DNK
2288455086,DNK
3402666577,DNK
4113337543,DNK
4351698381,DNK
4456693039,DNK
4460697668,DNK
4498411724,DNK
4683620183,DNK
4683620184,DNK
4759291463,DNK
4882157730,DNK
4908522931,DNK
5030651739,DNK
5130851668,DNK
5599977502,DNK
5760722766,DNK
5859743485,DNK
6533313277,DNK
6533338136,DNK
7288700018,DNK
8463633495,DNK
9155323125,DNK
9386838027,DNK
9481634305,DNK
25178050,FRA
25178828,FRA
25209337,FRA
25209420,FRA
25209796,FRA
25209833,FRA
25210235,FRA
25210848,FRA
25211145,FRA
25211931,FRA
25212652,FRA
25212721,FRA
25213305,FRA
25213574,FRA
25213628,FRA
25213745,FRA
25213793,FRA
25214132,FRA
25214447,FRA
158780440,FRA
207059711,FRA
258598863,FRA
260424479,FRA
265604314,FRA
286017391,FRA
288960764,FRA
295400441,FRA
300735584,FRA
303156190,FRA
309132094,FRA
310929860,FRA
324565260,FRA
339517559,FRA
357562025,FRA
369732437,FRA
386180249,FRA
386191418,FRA
387796308,FRA
408476172,FRA
410988782,FRA
416706515,FRA
420891120,FRA
427569070,FRA
433733466,FRA
443382372,FRA
454074086,FRA
483268582,FRA
492659219,FRA
492661421,FRA
496266585,FRA
519628806,FRA
560715114,FRA
578464484,FRA
583327499,FRA
598497991,FRA
611293210,FRA
616842800,FRA
635389807,FRA
660628328,FRA
684325514,FRA
747392489,FRA
769072628,FRA
806585324,FRA
1096111635,FRA
1180583379,FRA
1218979924,FRA
1229054907,FRA
1229057289,FRA
1247154608,FRA
1284493746,FRA
1286682175,FRA
1286686211,FRA
1335576043,FRA
1347311728,FRA
1369779809,FRA
1378331244,FRA
1445200470,FRA
1445207631,FRA
1477328054,FRA
1525966840,FRA
1583849979,FRA
1584743903,FRA
1612459401,FRA
1669469285,FRA
1689378546,FRA
1823640407,FRA
1843815120,FRA
1855364451,FRA
1875103348,FRA
1905935701,FRA
1912825961,FRA
1917335766,FRA
1968182892,FRA
2001325972,FRA
2178372508,FRA
2206464387,FRA
2244516871,FRA
2256015765,FRA
2278499924,FRA
2290194175,FRA
2290194183,FRA
2306251410,FRA
2432447274,FRA
2485948676,FRA
2721536518,FRA
2919223611,FRA
3190278219,FRA
3192011803,FRA
3192014070,FRA
3235254531,FRA
3270074461,FRA
3619696128,FRA
3641029911,FRA
3714296388,FRA
4069532389,FRA
4136890311,FRA
4194082204,FRA
4225968310,FRA
4374905589,FRA
4420043990,FRA
4548421032,FRA
4550712147,FRA
4550712152,FRA
4550712153,FRA
4571242703,FRA
4594282301,FRA
4738032223,FRA
4754206331,FRA
4786809370,FRA
4786809371,FRA
4786809373,FRA
4872466454,FRA
4897666018,FRA
4897666019,FRA
4897666020,FRA
4897671221,FRA
4897671223,FRA
4897671224,FRA
4897709338,FRA
4897709339,FRA
4897709340,FRA
4897709341,FRA
4897709342,FRA
4897709348,FRA
4897709350,FRA
4980167822,FRA
4980167823,FRA
4980167824,FRA
4980167825,FRA
4980167826,FRA
4980167827,FRA
4980167829,FRA
4980205914,FRA
5338907530,FRA
5523557604,FRA
5559833954,FRA
5856277193,FRA
5946088798,FRA
6221084934,FRA
6224774954,FRA
6401344612,FRA
6568579064,FRA
6583853224,FRA
6598102010,FRA
6811938026,FRA
6867665337,FRA
7174994995,FRA
7179600655,FRA
7379625955,FRA
7404787538,FRA
7405058858,FRA
7405157149,FRA
7881935719,FRA
8027985329,FRA
8187778808,FRA
8397379211,FRA
8397712385,FRA
8473834164,FRA
9324275243,FRA
9340886962,FRA
9340969410,FRA
9340995706,FRA
9396525328,FRA
9415082163,FRA
9599179176,FRA
9698028871,FRA
9819935149,FRA
10026529264,FRA
71246671,LUX
203142752,LUX
203144678,LUX
246773770,LUX
246774124,LUX
246774756,LUX
246774758,LUX
246807990,LUX
251595796,LUX
252160470,LUX
260345622,LUX
269299348,LUX
269299357,LUX
272498614,LUX
290363576,LUX
303717534,LUX
305071013,LUX
307938491,LUX
312975828,LUX
312977464,LUX
314161690,LUX
314173833,LUX
317953423,LUX
317953425,LUX
408181771,LUX
428859235,LUX
447979967,LUX
474487887,LUX
576518089,LUX
729617914,LUX
747317216,LUX
749361215,LUX
863204087,LUX
924018959,LUX
924018962,LUX
924018980,LUX
983576537,LUX
1264036516,LUX
1290081900,LUX
1290081904,LUX
1290081907,LUX
1290081910,LUX
1350561542,LUX
1350561566,LUX
1350561692,LUX
1402666278,LUX
1439664829,LUX
1495287079,LUX
1495371494,LUX
1524847517,LUX
1566898684,LUX
1614868734,LUX
1632258543,LUX
1649345719,LUX
1686093050,LUX
1727795171,LUX
1727795180,LUX
1778065905,LUX
1778065942,LUX
1778305700,LUX
1796974601,LUX
1856936485,LUX
1856937086,LUX
1902669877,LUX
1923335560,LUX
2169297404,LUX
2169297672,LUX
2460493511,LUX
2705893345,LUX
3662627658,LUX
3664036638,LUX
4294337566,LUX
4404156390,LUX
5122894221,LUX
7891191831,LUX
8745246040,LUX
8745246073,LUX
8776630895,LUX
9057839893,LUX
33228448,NLD
42014324,NLD
42371600,NLD
42502061,NLD
42529681,NLD
42534245,NLD
43647897,NLD
43651329,NLD
44557197,NLD
44675239,NLD
45728527,NLD
46512377,NLD
60211377,NLD
60937411,NLD
135561576,NLD
135561581,NLD
135561585,NLD
135562903,NLD
135567601,NLD
135567603,NLD
135572634,NLD
135572641,NLD
157022518,NLD
170839957,NLD
178847438,NLD
240866239,NLD
246542720,NLD
250230581,NLD
250231834,NLD
250231836,NLD
251332505,NLD
251332508,NLD
252334524,NLD
254325326,NLD
256119131,NLD
270360307,NLD
272479353,NLD
274233271,NLD
274233396,NLD
274233533,NLD
274233570,NLD
274233737,NLD
274296177,NLD
274296179,NLD
278212855,NLD
279110684,NLD
279712609,NLD
280961787,NLD
295401732,NLD
298775978,NLD
298885460,NLD
298888998,NLD
300057166,NLD
301590520,NLD
305645328,NLD
305650988,NLD
307629803,NLD
311148745,NLD
316706724,NLD
316706726,NLD
318212295,NLD
319180691,NLD
322033046,NLD
330225176,NLD
331548709,NLD
332370289,NLD
332372346,NLD
332601487,NLD
332605893,NLD
335113996,NLD
339089541,NLD
339306046,NLD
356278842,NLD
356778389,NLD
356789301,NLD
359108838,NLD
360837420,NLD
361228722,NLD
365311376,NLD
369534993,NLD
370426582,NLD
374220255,NLD
374220367,NLD
388566041,NLD
392677276,NLD
416820600,NLD
418051011,NLD
419196130,NLD
420506514,NLD
442528164,NLD
442528512,NLD
450209102,NLD
455505979,NLD
469731185,NLD
471347079,NLD
471544014,NLD
472412583,NLD
473055775,NLD
473697833,NLD
475914994,NLD
475915003,NLD
479397304,NLD
482842782,NLD
490182519,NLD
513062709,NLD
520061153,NLD
527120845,NLD
527877588,NLD
529803614,NLD
529803700,NLD
529836323,NLD
529927174,NLD
530824604,NLD
540177700,NLD
541073671,NLD
551613912,NLD
553319860,NLD
553335569,NLD
553399433,NLD
553419776,NLD
553501463,NLD
562879794,NLD
562929672,NLD
562961687,NLD
563119661,NLD
563200984,NLD
563318770,NLD
563325574,NLD
563329552,NLD
563346064,NLD
564298314,NLD
564299027,NLD
564313971,NLD
564421429,NLD
564440192,NLD
564454303,NLD
565575938,NLD
566386443,NLD
566395373,NLD
566397772,NLD
566398907,NLD
566401015,NLD
566410329,NLD
566435324,NLD
566435383,NLD
566435784,NLD
566436048,NLD
567186338,NLD
567186998,NLD
567188255,NLD
567194277,NLD
567197433,NLD
567198438,NLD
567204150,NLD
567221977,NLD
567222920,NLD
567224137,NLD
567419397,NLD
567443052,NLD
567443765,NLD
567444233,NLD
567451404,NLD
567451738,NLD
567471819,NLD
567472583,NLD
567473240,NLD
567473717,NLD
567474179,NLD
567474364,NLD
567475806,NLD
567477950,NLD
567489545,NLD
567489687,NLD
567489845,NLD
567489940,NLD
567813827,NLD
567814113,NLD
567814243,NLD
567820717,NLD
567821030,NLD
568481023,NLD
568482832,NLD
568489671,NLD
568489988,NLD
579497132,NLD
579497176,NLD
580792278,NLD
588656837,NLD
596296347,NLD
610859666,NLD
618372203,NLD
618381853,NLD
627576664,NLD
632097840,NLD
635033279,NLD
648932595,NLD
656309931,NLD
671742468,NLD
672553948,NLD
680763798,NLD
706774074,NLD
709048938,NLD
713369508,NLD
747383927,NLD
763021327,NLD
763633809,NLD
763935008,NLD
763935580,NLD
790855235,NLD
837572933,NLD
838588233,NLD
848533211,NLD
850122553,NLD
859213389,NLD
860230874,NLD
873619847,NLD
877466529,NLD
891437640,NLD
892547357,NLD
893390849,NLD
921906802,NLD
921964424,NLD
922969302,NLD
925441490,NLD
929060486,NLD
929062067,NLD
929877605,NLD
933505159,NLD
933552358,NLD
945268892,NLD
956460359,NLD
974161167,NLD
988893730,NLD
996363582,NLD
997253608,NLD
1000066022,NLD
1020643757,NLD
1023648510,NLD
1028201524,NLD
1028211339,NLD
1086817370,NLD
1092628422,NLD
1102808144,NLD
1181426068,NLD
1181426070,NLD
1191354329,NLD
1209540298,NLD
1232369764,NLD
1234897103,NLD
1234897104,NLD
1244740272,NLD
1276960037,NLD
1280353433,NLD
1280660851,NLD
1298302202,NLD
1305211822,NLD
1318900770,NLD
1319983359,NLD
1345740081,NLD
1348021528,NLD
1348021567,NLD
1348021568,NLD
1362185745,NLD
1362193521,NLD
1398540081,NLD
1404851290,NLD
1408909960,NLD
1415312988,NLD
1433298493,NLD
1445239981,NLD
1446067053,NLD
1450968531,NLD
1480111133,NLD
1496565277,NLD
1497113886,NLD
1506033274,NLD
1506033280,NLD
1506045943,NLD
1511864099,NLD
1521436365,NLD
1524911059,NLD
1532860695,NLD
1539413850,NLD
1539413853,NLD
1564466971,NLD
1569496369,NLD
1572656374,NLD
1585112786,NLD
1591501556,NLD
1597496353,NLD
1597667957,NLD
1601616015,NLD
1624366457,NLD
1625528625,NLD
1625528626,NLD
1625528628,NLD
1628655092,NLD
1630524820,NLD
1631507722,NLD
1631969973,NLD
1632684934,NLD
1632685258,NLD
1637462939,NLD
1637462950,NLD
1637462960,NLD
1638489175,NLD
1645655324,NLD
1645655445,NLD
1646271708,NLD
1646271711,NLD
1646272283,NLD
1646272332,NLD
1658304943,NLD
1658304946,NLD
1674226979,NLD
1687544816,NLD
1687801421,NLD
1696648088,NLD
1703273640,NLD
1706119485,NLD
1706167170,NLD
1710650121,NLD
1725085562,NLD
1726609216,NLD
1728521013,NLD
1731733900,NLD
1740255218,NLD
1757207414,NLD
1760070894,NLD
1760167420,NLD
1768494694,NLD
1774459522,NLD
1784549755,NLD
1788503994,NLD
1789962825,NLD
1792419959,NLD
1792423973,NLD
1793454312,NLD
1793455484,NLD
1793460166,NLD
1793461450,NLD
1793464441,NLD
1793616348,NLD
1793623806,NLD
1802165485,NLD
1802174822,NLD
1802174824,NLD
1803280599,NLD
1805044052,NLD
1805059408,NLD
1818222581,NLD
1822985890,NLD
1829228769,NLD
1851464718,NLD
1851464719,NLD
1851464737,NLD
1851464743,NLD
1852965367,NLD
1852982488,NLD
1860368868,NLD
1883602765,NLD
1892917089,NLD
1909033383,NLD
1909061222,NLD
1935255933,NLD
1942588305,NLD
1948197789,NLD
1950595047,NLD
1954611777,NLD
1954749640,NLD
1965930760,NLD
1983524143,NLD
1985978710,NLD
1999131509,NLD
1999148136,NLD
1999183578,NLD
2000463054,NLD
2047238722,NLD
2057650991,NLD
2081021595,NLD
2081565803,NLD
2081565804,NLD
2092838836,NLD
2118504395,NLD
2128142665,NLD
2128142920,NLD
2131082047,NLD
2131082795,NLD
2132694699,NLD
2164019001,NLD
2170924188,NLD
2223305298,NLD
2260686243,NLD
2260697444,NLD
2260698704,NLD
2272001777,NLD
2293547200,NLD
2293547202,NLD
2297699351,NLD
2297699493,NLD
2297700024,NLD
2298255714,NLD
2303507915,NLD
2303507916,NLD
2303507917,NLD
2311968893,NLD
2312005529,NLD
2319571711,NLD
2320082199,NLD
2321097644,NLD
2344708082,NLD
2380920698,NLD
2383149709,NLD
2407714427,NLD
2407715542,NLD
2413506756,NLD
2417807193,NLD
2422752304,NLD
2429897465,NLD
2441593576,NLD
2445175028,NLD
2506513297,NLD
2510788406,NLD
2510789997,NLD
2519221809,NLD
2521482466,NLD
2536162501,NLD
2536162505,NLD
2540890252,NLD
2544166011,NLD
2554721797,NLD
2555059569,NLD
2555060419,NLD
2555060687,NLD
2555062068,NLD
2557962251,NLD
2560372560,NLD
2580708699,NLD
2584401291,NLD
2584402509,NLD
2590232858,NLD
2590329240,NLD
2631762076,NLD
2632704530,NLD
2633555416,NLD
2661798034,NLD
2663286319,NLD
2669327166,NLD
2669937147,NLD
2693238385,NLD
2713362031,NLD
2717873149,NLD
2721235730,NLD
2722284018,NLD
2722381028,NLD
2723757577,NLD
2724402213,NLD
2725537689,NLD
2725790261,NLD
2740410738,NLD
2748069028,NLD
2748404446,NLD
2753261269,NLD
2753261763,NLD
2756636782,NLD
2758435945,NLD
2758708914,NLD
2759371492,NLD
2759429812,NLD
2764520527,NLD
2772971547,NLD
2773389244,NLD
2773809956,NLD
2779187065,NLD
2779685223,NLD
2781044525,NLD
2781205167,NLD
2781594776,NLD
2782046444,NLD
2782845750,NLD
2786436755,NLD
2787453846,NLD
2790482517,NLD
2791600961,NLD
2792091286,NLD
2793308014,NLD
2794385648,NLD
2795326891,NLD
2795326902,NLD
2795460577,NLD
2796154160,NLD
2796970325,NLD
2799358914,NLD
2803391286,NLD
2803395039,NLD
2803727231,NLD
2803764200,NLD
2806236114,NLD
2806335028,NLD
2807568158,NLD
2809098575,NLD
2811969410,NLD
2813042600,NLD
2815492037,NLD
2816177609,NLD
2816665797,NLD
2816724798,NLD
2816931808,NLD
2817440727,NLD
2817636320,NLD
2817697486,NLD
2818716657,NLD
2821004253,NLD
2821515458,NLD
2821528936,NLD
2824803724,NLD
2826774697,NLD
2827795076,NLD
2829906715,NLD
2831241561,NLD
2831270521,NLD
2832063993,NLD
2832169288,NLD
2832453135,NLD
2834735493,NLD
2834762707,NLD
2835411561,NLD
2835799918,NLD
2838715124,NLD
2840064955,NLD
2842141378,NLD
2844239838,NLD
2846639484,NLD
2859179725,NLD
2871051870,NLD
2872150274,NLD
2874705475,NLD
2875121141,NLD
2885855395,NLD
2886522265,NLD
2887954722,NLD
2889708246,NLD
2891993814,NLD
2892458834,NLD
2897677576,NLD
2902219171,NLD
2904568845,NLD
2906507302,NLD
2906534004,NLD
2924079835,NLD
2924600185,NLD
2924709549,NLD
2926652155,NLD
2926653124,NLD
2927410798,NLD
2928332374,NLD
2929490244,NLD
2931578121,NLD
2940676975,NLD
2942433879,NLD
2943037531,NLD
2944658549,NLD
2953065031,NLD
2953576348,NLD
2971345029,NLD
2980892311,NLD
2980925616,NLD
3008613105,NLD
3015172741,NLD
3015346887,NLD
3070124868,NLD
3088866302,NLD
3120883517,NLD
3174880476,NLD
3205389638,NLD
3207967671,NLD
3226450563,NLD
3307588393,NLD
3338462491,NLD
3338479699,NLD
3370744786,NLD
3371687527,NLD
3371687533,NLD
3376356745,NLD
3414635000,NLD
3431771292,NLD
3451263766,NLD
3452743456,NLD
3465177122,NLD
3499188461,NLD
3590703266,NLD
3594857065,NLD
3609543156,NLD
3634945972,NLD
3646564742,NLD
3646627894,NLD
3651185446,NLD
3651285492,NLD
3660720863,NLD
3698322317,NLD
3701993035,NLD
3728281833,NLD
3886085112,NLD
3888181660,NLD
3899359250,NLD
3899359252,NLD
3951790149,NLD
3956699493,NLD
3965136840,NLD
4004632789,NLD
4006291983,NLD
4026147332,NLD
4026158489,NLD
4026203484,NLD
4026203485,NLD
4094971812,NLD
4100521172,NLD
4110181689,NLD
4124161053,NLD
4167650312,NLD
4171008378,NLD
4221118090,NLD
4230668109,NLD
4348570499,NLD
4359145492,NLD
4482714089,NLD
4511111039,NLD
4517849151,NLD
4532613479,NLD
4543804507,NLD
4572001486,NLD
4600619645,NLD
4613885697,NLD
4680119272,NLD
4681759855,NLD
4720225941,NLD
4743788599,NLD
4743803281,NLD
4753132735,NLD
4753174551,NLD
4781925214,NLD
4795262004,NLD
4804363511,NLD
4818122649,NLD
4818174202,NLD
4818577874,NLD
4831194901,NLD
4837551638,NLD
4838782525,NLD
4838833375,NLD
4839540266,NLD
4840279097,NLD
4845585480,NLD
4851758852,NLD
4855910180,NLD
4863919623,NLD
4868626996,NLD
4894149876,NLD
5013768465,NLD
5022996039,NLD
5024510767,NLD
5026034368,NLD
5047851117,NLD
5048039259,NLD
5048039269,NLD
5088160437,NLD
5126925689,NLD
5130569076,NLD
5142764049,NLD
5156816421,NLD
5198082487,NLD
5207442859,NLD
5224653406,NLD
5236728507,NLD
5267499508,NLD
5314906019,NLD
5555073465,NLD
5596072922,NLD
5604243596,NLD
5629452185,NLD
5779714295,NLD
5785045120,NLD
5796611513,NLD
5928239850,NLD
5972439827,NLD
5978184088,NLD
5980809830,NLD
5999834278,NLD
6058020731,NLD
6093819394,NLD
6095547390,NLD
6186587219,NLD
6223086507,NLD
6263709352,NLD
6286573994,NLD
6286573995,NLD
6368112589,NLD
6514086352,NLD
6821335624,NLD
6821335632,NLD
6821474038,NLD
6861425315,NLD
6862746653,NLD
7117210829,NLD
7126398680,NLD
7179399154,NLD
7203768063,NLD
7281485368,NLD
7510369250,NLD
7510369251,NLD
7711002200,NLD
7726671442,NLD
7835394544,NLD
7835429899,NLD
7843296846,NLD
7870147508,NLD
7873266250,NLD
7896279854,NLD
7955952915,NLD
7959088256,NLD
7976396355,NLD
8032770769,NLD
8126858827,NLD
8234804601,NLD
8261662818,NLD
8543914579,NLD
8626835796,NLD
8712109277,NLD
8730337904,NLD
8744827545,NLD
8755616424,NLD
8894788259,NLD
9019637717,NLD
9124052317,NLD
9126110273,NLD
9195324959,NLD
9248881068,NLD
9360926256,NLD
9423359649,NLD
9494090533,NLD
9523525443,NLD
9523582855,NLD
9600989551,NLD
9715922943,NLD
9730739752,NLD
9730873567,NLD
9756628899,NLD
9956494591,NLD
126091163,POL
190073595,POL
258477142,POL
258623659,POL
258623712,POL
266416655,POL
267240626,POL
267240649,POL
267241999,POL
267242075,POL
267248379,POL
267249076,POL
269327980,POL
275565845,POL
275620939,POL
275621688,POL
288473772,POL
295887875,POL
299663493,POL
306010249,POL
313418888,POL
362294148,POL
362294164,POL
365661385,POL
376036130,POL
381928850,POL
381930634,POL
381930697,POL
383886124,POL
391052402,POL
410375102,POL
463435014,POL
494590832,POL
496315965,POL
496315984,POL
523678074,POL
531423015,POL
559440049,POL
600449240,POL
600460400,POL
606256437,POL
611035607,POL
683439246,POL
686812298,POL
690706899,POL
713297869,POL
770305333,POL
770305340,POL
797306516,POL
890977426,POL
927296610,POL
935328465,POL
943737119,POL
991509792,POL
1000799982,POL
1191652346,POL
1232362487,POL
1240625214,POL
1241039653,POL
1267879050,POL
1271218192,POL
1320586765,POL
1320736239,POL
1325373630,POL
1359689720,POL
1366173661,POL
1367150216,POL
1391549035,POL
1414157561,POL
1414157565,POL
1415441055,POL
1461558895,POL
1726552761,POL
1737715634,POL
1768946379,POL
1768946386,POL
1773531027,POL
1776086098,POL
1789761807,POL
1789766491,POL
1789767082,POL
1792793542,POL
1813630583,POL
1865437242,POL
1866431293,POL
1866432145,POL
1867119694,POL
1942812398,POL
2022889136,POL
2023511150,POL
2112695878,POL
2255638862,POL
2267571264,POL
2449522664,POL
2458616003,POL
2511455829,POL
2549600699,POL
2555184284,POL
2675995749,POL
2844577997,POL
2870081383,POL
2870081384,POL
2870082001,POL
2887942888,POL
3126379887,POL
3231564073,POL
3238538538,POL
3275320029,POL
3405161698,POL
3450275254,POL
3454054583,POL
3488767949,POL
3579916005,POL
3613319347,POL
3634939598,POL
3638070098,POL
3665654028,POL
3666137351,POL
3670682774,POL
3673493319,POL
3673654663,POL
3693052918,POL
3694030274,POL
3757622732,POL
3757622733,POL
3757622734,POL
3758021861,POL
3769424319,POL
3783491170,POL
3864144557,POL
3901871713,POL
4039448775,POL
4226738268,POL
4264168989,POL
4299010189,POL
4307981398,POL
4356185418,POL
4450280443,POL
4471633584,POL
4682271737,POL
4753917222,POL
4753951923,POL
4753951924,POL
4753953721,POL
4753953722,POL
4753955121,POL
4753955221,POL
4796806069,POL
4883041377,POL
4883041391,POL
4883042100,POL
4885699235,POL
4940592621,POL
4970990427,POL
4970990428,POL
4970990431,POL
4971377189,POL
4971377613,POL
5111120124,POL
5253009596,POL
5286564969,POL
5286564970,POL
5290655269,POL
5402567354,POL
5402567356,POL
5402567365,POL
5403752248,POL
5534421108,POL
5565166252,POL
5582486162,POL
5630890325,POL
5650180258,POL
5924162930,POL
6055984727,POL
6166891975,POL
6309156015,POL
6525273255,POL
6743677223,POL
6805412085,POL
7254869075,POL
7549679139,POL
7809709889,POL
7948791262,POL
7959261468,POL
8059814007,POL
8222260052,POL
8390712307,POL
8429551048,POL
8429551049,POL
8429551055,POL
8429551066,POL
8429551067,POL
8461596262,POL
8502619486,POL
8542713194,POL
8731118819,POL
8814715821,POL
9325786305,POL
9431216175,POL
9441064402,POL
9535849167,POL
9682587032,POL
9848017462,POL
9976697578,POL
10005126350,POL
10069413320,POL
10085663224,POL
10107655308,POL
