@id	@lat	@lon
15337840	48.1979115	16.2799487
20825091	46.6303447	14.0946634
21260971	47.0671988	15.4824463
21650201	47.5852728	12.6972646
26590967	47.2769580	12.7574069
27260497	47.4448330	12.2335576
27288970	47.5019449	12.0835275
29393296	47.3990527	14.8273588
30587668	47.9121579	13.8980522
30587678	47.9242903	13.7879433
30763342	47.3861090	14.8991176
31238776	46.8623897	12.8904676
31238779	46.8619076	12.8903556
31238830	46.8303111	12.7910743
31238837	46.8311547	12.7830757
31238840	46.8309901	12.7841718
31238878	46.8077969	13.4797170
31238879	46.8061788	13.4841320
31239210	46.9498173	13.5090074
31239398	46.6440251	14.3150255
31239406	46.6533516	14.3138950
31239606	46.9734939	14.3934990
31239852	47.1528011	14.4141871
31239970	47.1780021	14.6063766
31239981	47.0982957	15.4041101
31617646	47.0131779	15.4089719
31619963	47.0486788	15.4524255
32696391	47.9029845	13.5724929
34017419	47.5834682	13.1564700
35526347	48.4821903	16.5931307
35526350	48.4722616	16.5889934
35526351	48.6605364	16.6287639
35526352	48.3114425	16.4300606
35526367	46.8309730	15.5525992
36312847	47.6197343	16.1283220
36740320	46.8332497	15.5477121
39727371	48.6594909	16.6293339
39727374	48.3603768	16.4917951
41404517	48.4157248	14.6098882
42225268	47.8681901	16.1565982
45075977	47.0591630	15.4264755
47740350	48.4644362	14.2714880
47741063	48.5023031	14.5016855
48231513	48.4374324	14.7815295
48232102	48.3957103	14.7316367
54156214	48.5062702	14.5033941
59920814	48.3532976	14.5358250
59988746	48.2716521	14.3242837
60567760	47.3777800	9.8904461
60649059	48.2071479	16.3434870
61278990	48.3374104	16.3394443
61279027	48.3380741	16.3389286
61279052	48.3327347	16.3450194
61681586	48.3045370	16.3298517
70374969	48.3612904	14.2401497
72465683	48.3299147	14.6027894
76558003	48.2664946	13.5660862
78454836	48.0701599	16.0665657
80951581	48.3382106	16.7277029
82717263	47.1445892	16.1894596
83454997	48.2660809	16.4030241
83466627	48.2835135	16.4135257
86110773	48.2146219	16.3916358
86111766	48.1796472	16.3517548
86923609	47.5515336	10.6708504
88114339	48.5017408	13.7359067
89412066	48.5807611	13.5035500
89412828	48.1041218	16.2853939
90385635	48.1624251	16.3171251
90507151	47.6617346	12.4129367
94593350	47.4832541	12.0289472
94600508	47.5063898	12.0659231
100411311	48.2512309	16.4717639
106073029	48.2232037	16.3157642
113361392	48.2293236	16.3583126
115180945	48.1938224	16.3969991
134684557	48.1225771	16.4387819
137569802	47.7218450	13.0905490
146410382	47.6334047	12.2145217
151015381	48.0215626	16.7673941
151015382	48.0214033	16.7666147
153632984	48.2251790	14.5201422
154635771	48.2012640	16.4038268
178376340	48.4787814	15.9770886
187146152	48.1381569	16.2041151
194647902	48.1357041	16.3562896
195789765	48.0731359	14.0519183
197819383	47.7067265	16.1023011
201721142	47.5400289	14.5841778
208387813	47.3594879	12.7997410
213409080	48.1356815	16.1939886
218361184	48.2151297	16.3244588
221112200	48.1407146	16.9227717
221126237	48.1408992	16.9246467
221338193	48.3809624	16.5118766
223678833	48.3393983	16.3374900
224418750	48.2666793	16.4486834
224425506	48.2599748	16.4117114
224425648	48.2589322	16.4112456
243237199	48.3361160	16.4610998
243721659	47.2845850	11.1638056
245484995	48.1773913	15.5528654
247141800	48.2732439	15.6155782
247306724	48.0789065	13.9977441
247777479	47.4824519	10.7237577
247935355	46.5919359	14.2715053
248086090	47.4902615	12.0736093
248089929	47.4826982	12.0587650
248089937	47.4816632	12.0568017
248104214	47.3279920	11.1986833
248158552	47.5179979	12.0669701
248662624	47.3868717	13.4514816
248960825	47.2741232	11.2389207
249278661	47.0791403	14.4247614
249285421	48.5322664	16.4796648
249322897	47.0595743	15.4227381
249428923	48.0337127	15.7787241
249879463	48.2349951	16.3707403
250077136	48.2290638	16.3289881
250658906	48.3040470	16.1530719
250966188	48.3229834	16.2001210
250966189	48.3224721	16.2032183
251537593	48.1645585	14.3394501
251876603	47.2216435	9.5760335
253061856	47.3658287	9.6577046
253236086	47.2676048	11.2342030
253239505	47.2618799	11.2644568
253377519	47.3254322	11.1895331
253854774	47.5665172	12.1564549
254143180	47.8482713	16.1830818
255160618	47.3364557	13.3026604
255590647	47.0591033	15.4288158
255602907	48.3479399	14.1538874
255963496	47.2051512	10.8896749
256169298	47.8130500	13.0694165
256300817	47.2690698	10.9397211
256613332	48.1396134	16.4854603
258401747	48.2909363	14.2776463
258848300	47.0624948	15.4230134
259838830	48.2078409	16.3132959
262969934	48.2395891	14.5282875
263516060	48.0380645	15.7628580
263711000	46.6232988	14.2837899
264073519	48.5720830	15.8300892
264713098	47.8677912	15.5929740
264713100	47.7741673	15.3154995
264764569	48.2717930	15.6149561
265624247	47.9580513	13.2366152
265624290	47.9567186	13.2347091
265739667	47.6650223	14.9841583
265962950	47.6540008	14.7643933
265980060	47.6472391	12.4045535
266072736	47.8108735	13.0428037
266481555	47.9580344	16.8353741
266859532	47.4662766	15.3373845
267560872	48.3113865	16.0146766
267560995	48.2101362	15.6220332
268587101	47.7494396	13.0694891
268590618	48.0119321	12.8616539
268590635	48.0493709	12.8294386
268590638	48.0619306	12.8352988
268590643	48.0787219	12.8269945
269904462	48.1618803	16.3173541
270109277	48.0552326	14.4492369
270284041	48.0440500	14.4712344
270372978	46.8572801	15.5361563
271331280	47.0631828	15.5905597
273668945	47.4798283	10.7303481
273764576	47.1406612	15.5238792
274283667	46.6958676	14.7369796
275615953	47.2677821	9.6150358
276618689	48.3117191	14.2287807
276757716	48.3124648	14.2412251
278471306	47.0765866	15.4073194
278579148	47.0346514	15.3004794
278747277	47.2152142	9.7922573
279076138	47.5293277	14.1463387
279523757	48.2644014	16.4549172
279599884	47.0204708	15.4106246
280090748	48.1231479	14.8820907
280091035	48.1225905	14.8868437
280138173	48.2295311	16.3462658
280324938	48.7607828	14.9904262
280407063	47.0300504	15.4942749
280534508	47.8595913	13.0591239
280697584	47.1400529	11.4479892
280698460	47.1406323	11.4463579
280810382	48.2671336	16.4290135
280834379	47.2770544	11.4006736
280835083	47.2648793	11.3690127
280835126	46.9224757	12.9102739
280835469	47.2585822	11.3721341
281431143	47.7378301	13.0682748
281910074	48.1171837	16.4535547
282870591	48.1034072	16.2851630
283401187	48.0792887	13.9610885
283401189	48.0779859	13.9992073
284491128	47.1847544	11.3999414
284681596	47.1962022	11.3975575
285494062	47.0144427	11.5058709
286039605	48.1307431	16.3263233
286729451	48.0433496	14.3874839
286794191	47.7984917	16.2394088
286900282	48.2381044	16.4606809
286982933	46.6251000	13.8218323
288162059	48.3193468	13.3277295
288190141	48.1940330	15.4616937
288378147	47.2318018	12.8252824
288806506	47.1300120	15.3235763
288806671	47.1333625	15.3225619
289206737	46.7403254	12.3740816
289326043	47.9560690	13.2012671
289414403	47.1032105	15.4144717
289672183	48.1303442	12.8769329
289763084	48.3973636	15.5687050
289869120	48.2269872	16.3265261
289936645	48.1549697	16.2711010
289942937	48.1538959	16.3012476
290261915	48.1309151	14.2210739
290797195	47.4531474	12.1515976
291733206	46.5976889	13.8498605
292049705	47.9713552	16.5984661
292218509	47.5346925	9.7520190
292365726	48.1145367	14.6671503
292391978	48.1902742	16.2947628
292496617	48.1708142	16.3368675
293032125	48.2258420	16.3708583
293181191	48.2543207	16.3941412
293187691	48.1790217	16.3264600
293190025	48.1804429	16.3215501
293191903	48.1706474	16.3061365
293250002	47.2381074	11.3111409
293251133	47.9703511	14.7634495
293381369	48.6970764	15.9648908
293385597	47.9667304	14.7692116
293385744	48.0215499	14.7567789
293808035	48.1605695	16.3095138
293902401	48.1780239	16.3445986
293904666	48.1843629	16.3351805
293931736	47.0786024	10.9676278
293931963	46.9756018	11.0110571
293932344	46.9630693	11.0077532
293933289	47.1763172	10.9102930
294143065	48.1219258	14.8730080
294704949	48.2439080	16.3612371
294707592	48.2416329	16.3614123
294914387	48.5754764	14.0516668
295379876	48.4196875	16.4936535
296007562	48.1962418	16.3646586
296418241	48.4132137	15.3001187
296934372	48.2636728	16.4596601
297357676	47.1115060	11.3093997
297755502	48.2072402	16.4468422
297782315	48.1568640	16.3052943
298456727	48.2089702	15.3816386
298618558	47.8970276	14.1268471
298844506	47.8939686	14.1298081
299207546	47.8954009	16.6488998
300070405	46.6068298	14.3042299
300411433	47.3527430	11.7004363
300544379	47.5660388	12.1554402
301173135	46.5609465	13.8735587
301445062	47.0813601	15.7392984
301445063	47.0894588	15.7323972
301445064	47.0470179	15.7462295
302130657	47.1592555	14.7340224
302330860	48.3224949	16.0264776
302331426	48.3281852	16.0455413
302688785	47.5328554	12.4371787
302735256	48.1077420	16.8092043
303319972	47.7115696	16.0403972
303320142	47.7118110	16.0972388
304934133	48.4957238	14.4864433
305756804	46.7197699	15.6554788
305880534	47.3866909	10.5627804
306155651	48.5517897	16.4455041
306249816	48.1701611	16.3699757
306256864	48.1634628	16.3772219
307936099	48.4989391	14.5034907
308040575	48.1628588	16.3797037
309139797	48.2880019	14.0761993
309142972	48.2999275	14.0149960
309293362	48.2111617	16.3108145
309469999	48.6206759	13.8855139
310253831	48.3501353	15.6203294
310471367	48.2119271	16.3418541
311147070	48.0414190	13.5378627
311180288	48.8544243	15.2850344
312440718	48.1439597	14.2281854
313010936	48.2474929	16.4662121
313241450	47.7260441	16.0731018
313390792	47.8390611	13.0765583
313793076	47.4670397	11.9899621
313908855	47.7326272	13.0653941
314726999	48.2825749	16.3802714
315304087	47.7326917	16.0874704
316015151	47.5353864	9.7381816
316020433	47.4985349	9.7328482
316077200	47.3506212	12.8004516
316077205	47.4309898	12.8448817
316077207	47.4288523	12.8427008
316229419	48.0460893	14.3328625
316413007	47.0025589	15.2730136
316570911	47.4993658	12.1883821
316696233	47.0054646	16.1125816
316699769	47.0586685	16.0671308
316702897	47.5426690	16.1172898
317292423	48.0679403	16.0643893
317943676	47.8990854	13.9499482
317991287	46.8695511	15.9023776
318727673	47.8053010	16.2111800
318730229	47.8064308	16.2060223
319529577	48.2152732	16.3671699
319683175	48.2068497	16.3138504
319683569	48.2060362	16.3218400
319684246	48.2018231	16.3177019
320163241	47.6489991	15.8582671
320952114	47.0962431	13.6335751
321984079	47.8783925	13.1636776
322189685	47.2244954	9.6173711
324023616	48.1000067	15.6004552
325172416	47.2219437	9.6713863
326013137	48.1980385	15.6397423
326031208	47.0941078	15.1822904
327305679	48.2172594	16.3844710
327308079	48.2189361	16.4058713
327357813	48.1931587	16.4103596
327361773	47.4988653	10.5169751
327371063	48.1948518	16.3537686
327435716	48.2004616	16.3445256
327437727	48.1989935	16.3426232
327443097	48.2219220	16.3640761
327927504	48.1365689	16.3834598
327936555	48.1641388	16.3908073
328472677	48.1483482	16.4623450
328476947	48.1838947	16.4061483
328480850	48.1612411	16.4714605
328599621	48.1855403	16.2961551
328739270	48.1949268	16.2994765
328782379	48.1933491	16.3017021
328794669	48.1933375	16.3211100
328798395	48.1853266	16.3249351
328802775	48.1938305	16.3201581
328808527	48.1993269	16.3296509
329137896	48.2103389	16.3057960
329151899	48.2165070	16.3194261
329154604	48.2045008	16.3336682
329160401	48.2245800	16.3327751
329205089	47.4297860	12.8425375
329217141	48.2546512	16.3639887
329219506	48.2452619	16.3658362
329258472	48.2030025	16.4360742
329280055	48.1780583	16.3785475
329283371	48.1710623	16.3886376
329290318	48.1671836	16.4269013
329301388	48.2407425	16.3394147
329313663	48.2430353	16.3752385
329328927	48.2430922	16.3843336
329406289	48.2533484	16.4183721
329409662	48.2526458	16.4260497
329934373	48.2866062	16.3840448
329938776	48.2596848	16.4501744
329954412	48.2631360	16.4610759
329968433	48.2226820	16.4447137
329969753	48.2270778	16.4450878
329991124	47.3980307	9.8536471
330004899	48.2381779	16.4322581
330006479	48.2425708	16.4565224
330007270	48.2180253	16.4465684
330011156	48.2509454	16.4702803
330015275	48.1546503	16.3193851
330015405	48.1400585	16.3237024
330016899	48.1429967	16.2927910
330018793	48.1486672	16.2777195
330019468	48.1469281	16.3667722
330019976	48.1487914	16.3387386
330029050	47.5840214	13.1574137
330051890	48.3351834	16.7112635
330202620	47.0875837	15.4124085
330372032	48.2068788	16.3874637
330402022	48.1962898	16.3589002
330442149	48.2782562	16.3880026
330941016	48.1184707	14.9623403
331330672	47.1014494	15.8189882
331398037	48.2045650	16.3349279
332029393	46.6116851	13.8560045
332035697	46.6176395	13.8605440
332562818	48.1760343	15.5570182
333941681	48.5138934	14.5040756
335640826	47.8042178	16.2370874
335927301	48.3975762	16.6949200
336521502	47.9891539	14.1209511
336548572	48.0649133	16.2147182
338753393	48.3552346	16.0541796
338753438	48.3630615	16.0566664
338921812	47.8041992	16.2418923
338978773	48.0413289	14.3064806
339236086	47.6798363	13.1044151
339236094	47.6822529	13.1004639
339665923	46.6260450	13.8751667
340515454	48.4773173	14.7251417
340518823	47.3633208	16.2407176
341282976	48.7927840	15.0690256
341282978	48.7928201	15.0628569
343341009	48.2116443	16.3102043
344227141	47.1024345	15.4249691
344512018	46.9370776	16.1350965
345400091	46.7419689	13.1297376
345403229	46.8282162	12.8082334
345403230	46.8309423	12.7755104
345407292	46.6255900	14.3402929
345407297	46.6300934	14.3562931
345407302	46.6295763	14.3565560
345407304	46.6349235	14.3706886
349198885	47.0376531	11.4736509
349198888	47.3099251	11.0615511
352945137	48.4407994	14.1175740
355158904	47.3234623	16.2772713
355867029	46.5800917	13.6075400
355906024	46.6218256	14.4493590
357999663	47.5891657	12.1744214
359944745	47.8436781	16.9306803
360163475	47.5742244	12.1578419
360778053	47.2274537	10.7469278
363819698	46.5246696	14.1635963
364361056	48.2941793	16.4677068
365765224	48.2468190	13.0401008
367113720	47.7318819	16.4124771
367460867	47.4390284	9.6567397
369643442	47.7258913	16.9351373
369787351	47.1489834	10.3742940
370148343	46.6090719	14.3304903
370320006	47.3502770	15.0084629
371397260	48.3511631	15.7435709
375961708	48.0429172	15.6720794
380924342	47.4555052	11.9568644
385104135	48.0794405	16.4413647
385104371	48.0783486	16.4425022
385435629	48.2736138	14.5775160
385668008	48.3388007	16.4649119
390459122	48.3266511	16.0591944
390459124	48.3281650	16.0582640
390507824	48.0386553	14.0581872
391366707	47.9689925	16.2130730
391366815	47.9968210	16.3000371
392280363	48.5691581	16.0823695
392286257	48.5506864	16.0792376
393905284	47.8125187	13.7730772
396422424	47.2648692	11.3778129
401797424	48.3549661	14.5185219
403405957	47.6981848	15.8362043
409230145	47.3032925	10.4847212
410715120	47.0020026	14.7522666
411423626	48.1500400	14.1785917
411530862	47.5155086	9.8437440
411530870	47.5054938	9.8221393
413889992	47.2344275	15.8356056
413987839	48.2313909	13.8407958
414173901	47.6495842	12.3128570
415314907	48.0770139	16.9469181
416025384	47.0573698	10.6536604
416031065	46.8944192	10.4984144
416341943	46.8511651	10.5045822
417140914	46.6119675	14.3006119
419011516	47.3271850	10.8196777
420259056	47.9809148	14.2718952
420848546	48.1712077	15.0846311
421409497	48.1173559	14.7314594
422044982	47.4393589	12.0427100
423184206	48.4187233	13.4364062
427698508	48.1024156	15.8806389
428836872	46.5875320	14.1407761
429786020	48.5538931	14.2181746
430259294	47.5824331	13.1824267
430868308	47.4907031	9.6635305
431509699	48.0927355	17.0590658
433565074	48.5507954	13.7729941
434301640	48.0563556	16.1282677
434624858	47.5433444	9.7514193
440063423	48.4889948	15.4336407
440148789	48.0261807	13.5101097
441934448	48.2195756	14.1109120
442589821	47.3469210	11.6902671
444063026	48.8128999	15.2768679
444830313	47.5863726	12.1622694
444842984	47.5766010	12.1606201
444858771	47.5655819	12.1502783
444934758	48.1453170	14.4650286
444956390	47.3913936	13.6821699
445016585	46.8006379	13.4913531
445016611	46.6733158	13.0016813
446046227	48.0008059	13.9285243
447985422	47.0819841	15.4542366
449103995	47.2804182	15.5135711
449222197	47.2929219	16.2067254
449222245	47.2935638	16.2050841
450690249	48.1802233	16.0782505
453220250	47.8758518	16.3598775
454118875	47.8708323	16.3757176
454332354	47.4500988	12.3910485
454548241	48.0892032	12.9917985
455547738	47.3316708	9.6370246
459473671	48.2423743	15.9260313
459483128	48.1025315	15.5198549
459854455	48.3043552	15.8912328
460020291	48.8618172	15.6231302
465209288	46.6056446	14.2978443
465209290	46.6034914	14.2969592
465209291	46.6087497	14.2993105
469271086	47.8586526	16.8435111
469709176	46.6636244	15.4704521
469709194	46.6610871	15.4699382
470069499	47.7180592	13.5965788
473666869	48.4071542	15.6410765
478100475	48.9133171	15.3209989
479350196	46.8463094	14.8436123
486567247	46.6362024	14.3116779
486763058	47.3074651	11.0790576
491177619	47.8324206	13.0859989
493224477	47.0546599	15.1365991
495146945	47.1415762	10.5634434
495542067	48.6293145	16.1019880
498352304	48.1594086	14.0515326
507684661	47.3054673	11.0750128
512528465	48.4850455	13.5730549
514633201	48.6055514	15.1778859
515662598	47.8419787	16.4633372
516498664	48.6020869	16.8996628
516727436	47.0889923	13.9835928
528734057	48.1252754	15.1491193
529583767	48.5873436	16.2399905
539468752	47.5583394	15.5900552
539468757	47.5588692	15.5908217
540435153	48.3497530	13.4020690
540435158	48.3449507	13.4757081
540863732	47.1774208	16.3530263
541275571	48.1901883	16.2895373
545723674	46.6530800	14.3134895
548788809	47.4211424	13.3806431
552398792	47.8161532	15.2958133
559601983	47.0354910	15.1697990
560321120	47.3183235	11.6537949
567053015	47.8313255	16.6697045
573126117	47.7823203	16.9453322
576368204	48.3801946	14.4247907
579734770	47.8032855	16.6716220
582476606	48.5721688	14.9580957
582495820	48.4414848	15.1418988
583231208	48.1276662	16.3055777
588498871	48.3861567	16.2337034
596084526	47.3830690	11.7721690
597840928	47.7682431	12.9480127
599814160	47.4797000	12.5385120
600325780	47.7304368	16.0955023
602762414	46.6198428	14.2821596
603722384	48.0425910	14.2508621
604489124	48.3871357	16.2269474
611206118	47.3173581	11.8652633
616256263	48.1395737	16.3577852
619516502	47.0433028	15.5194532
619716523	47.8100592	13.0464771
621122297	47.8224151	13.0398441
621524147	48.2998958	16.3737470
623180328	48.8814030	15.4072718
623425717	48.0871504	13.9465947
623450343	47.4986285	9.9461420
627949496	47.8054059	14.7698125
635951470	48.5255431	16.3783194
639107809	47.8462301	16.2465292
643232553	47.1363204	10.9263003
648552185	47.3896195	13.6539084
649042756	48.1878868	15.6176080
650048734	47.8862722	13.5242368
652665707	47.8200287	13.0533296
656251439	47.3811522	13.4170011
660859149	47.3001923	11.0732364
660859157	47.2995775	11.0754875
661359917	47.0828610	10.4640519
662580552	47.7322035	13.0861375
663806774	48.1939851	14.5186109
663806782	48.1919955	14.5220127
667028204	47.4900168	12.0727090
669191623	47.2685438	15.4804772
669201099	47.2800512	15.5514312
669260401	47.2123193	15.6292333
669908811	47.5196612	12.4177905
671774929	48.4630294	14.9670347
671781191	48.4935678	14.9523344
675902815	48.2395166	14.6260214
677530550	48.2810188	15.7171321
679354347	47.4636289	14.9914701
683550825	47.0794615	14.3147518
685169534	47.3604605	10.1907026
690278666	48.2469203	14.1839450
690526707	47.8085645	13.0530559
690882410	48.7694798	14.9983648
700333386	47.7008664	16.9074108
702676133	48.4825259	13.5623390
706354352	48.3966799	15.5814870
707061944	48.2316744	13.6183872
716921527	47.5790915	12.1686641
717715703	48.0574795	16.0870805
725895687	47.3964399	11.9223503
730674160	47.4760111	12.0188246
736618461	47.7813552	13.2407583
736905861	48.1452345	14.6411754
747164087	47.5719541	15.3138778
747212107	48.0484732	15.6098180
747435631	47.7642745	15.3100513
751952312	48.4985677	16.5168662
761547883	47.5529119	13.6482190
762199277	47.0928946	15.4069589
763565344	48.0719152	15.0580273
765039981	48.4324356	15.6908216
765716011	47.8013496	13.0148998
766664210	47.4230602	12.8500448
769416016	47.9375661	16.8552017
778340437	48.4383736	13.4437810
788312975	47.8429215	16.2462708
788487022	48.0327089	16.7992099
788667364	48.3145989	16.6254628
791083221	47.0341207	10.7482844
795675354	47.4878585	9.7332378
799454488	47.2131272	10.6965025
799499480	47.5268835	12.4241947
799678868	47.4963086	12.3887487
800172391	47.7734743	16.5289677
800198347	47.5095782	16.5002596
800933289	47.4192573	15.2739899
800979216	47.1824797	14.6735537
801079568	46.6592355	14.6172141
807784725	47.5210029	12.2509857
814809765	48.2705306	14.4524714
815438865	48.0743826	13.1780225
817805571	48.1020299	12.9684503
820838472	46.5758681	14.7758792
825280186	47.8126947	16.1117132
827500955	47.8231637	13.1994205
834760654	46.9249957	15.4905104
835390923	47.0511135	15.4513177
840572483	47.3740854	15.0807842
845976411	47.3806189	15.1069311
846425086	47.3622296	13.3833973
847445322	48.7774116	16.6407202
848728588	47.8235129	13.1739207
863123761	48.1508626	13.2000812
863999471	46.9821288	15.5655601
864669581	46.6792122	13.9681899
864670764	47.8534214	13.3442779
869160647	47.0719983	14.6939833
871180803	47.5084556	16.5036359
876221801	47.0523579	15.3691382
876325394	47.8103192	15.7064338
877881472	46.6287347	13.4751642
884757439	47.2723283	9.6080923
891531752	48.1142939	13.1517745
891836539	47.4843457	15.7217077
892480276	47.8607197	13.4372770
893258767	48.3172570	13.4252994
894117696	48.1965478	13.1291758
897596971	47.1865707	14.1816613
897694870	47.2032953	14.2812255
901454023	48.5303091	14.8009533
901561041	47.8203064	13.1115309
901596345	48.4326648	14.7804094
901650321	48.3472927	14.6684433
901681796	48.3893279	14.7124025
908401082	48.5962964	16.8245346
916034504	47.8871199	13.7602856
916174423	47.8412785	13.2486363
917007296	48.4283979	15.7397139
919690195	48.4667525	16.8487686
920074499	47.8189514	13.1945650
920202220	47.7234709	13.4243296
920294774	47.7173621	13.5907966
924675668	47.8575851	13.1195641
928041811	47.0394646	11.4750418
937129645	48.1020424	15.4045150
937457585	47.4183817	12.4215820
937458604	47.5213159	12.2689257
937458607	47.4582250	12.3865677
937458609	47.4561081	12.3863837
937716836	48.6056418	15.1792002
945106914	46.7874848	15.8942891
945389729	48.3584456	14.4778176
947409714	47.1616265	16.1646109
951467945	48.3075494	13.4256583
951801854	47.2484241	16.2968226
954739603	48.3160946	16.6371864
959819178	48.2704087	13.2618062
963591387	47.3454811	16.2240028
965265205	47.2423965	16.3126794
974073644	47.0473180	16.3180229
976784791	46.5591993	14.5038851
976928503	47.8874071	16.2197814
978431141	48.0253297	15.7223601
980273164	48.4007738	15.9738392
981479260	47.1994115	15.3459252
981479265	47.1954091	15.3465567
986058596	48.3943574	13.4278648
988120326	47.2677997	12.3375686
995930992	47.0299283	15.4005921
996289239	48.7215210	14.9057192
996851035	48.4712000	15.6921585
1028034339	46.9896995	15.3984370
1030467675	48.5901200	15.4497094
1030729970	47.9823580	16.2206761
1044751348	47.3939122	13.6816538
1044851372	46.7987075	15.5389209
1045698387	46.7294890	15.6160015
1050214085	47.2487287	16.1525822
1050533793	47.1502148	10.5813812
1059125472	47.6865463	13.0987282
1059852621	47.8340742	16.1817074
1072275900	47.5611473	14.2483807
1073394124	48.5852875	16.4287712
1073537189	48.6106816	15.1616578
1076998449	48.3712676	16.6417404
1081102991	47.9394512	16.7280309
1081110563	47.8488002	16.6205795
1100837859	47.8489594	16.1918884
1106324128	48.0986652	16.4188033
1106799377	47.0948299	13.6362290
1108178792	46.6296381	13.3787496
1111823423	47.0389601	15.4523117
1126405048	48.1838272	16.5963172
1129771992	48.5121679	15.5104418
1129776246	47.8271010	16.2502821
1133309208	48.4308898	15.9022953
1139492567	47.2404095	13.2000284
1139931732	48.5180824	15.4846685
1139931735	48.5173186	15.4869031
1141211939	46.6223018	13.3748483
1144470153	48.5222984	13.4907413
1150179801	47.8447441	16.5079667
1163024352	47.1943246	14.7226902
1172129615	47.3802219	15.1056191
1191909028	47.3865989	13.4509463
1196845105	47.9057325	13.1935477
1196850946	48.4403259	14.5361798
1196970915	48.4395977	14.5374961
1198410234	48.4440923	15.3724044
1211242181	47.2851827	12.4929571
1211242184	47.2852355	12.4913281
1211242187	47.2851094	12.4947898
1213439457	47.2424863	15.3233105
1214499748	47.6620853	16.1292920
1217377843	48.0718853	14.7607061
1224117384	47.7944196	12.9869850
1229817753	48.3315005	13.3576491
1232592497	48.7266420	16.5834270
1236009151	47.7713688	12.9441101
1238290678	47.2338713	15.9960140
1238291516	47.2195507	16.0253815
1243859215	47.8121026	13.0238843
1244825393	47.3686742	11.1440307
1259564409	47.5896827	13.4644137
1260690050	47.0940790	13.6754468
1267073369	48.3165490	13.5110678
1277446557	48.4253105	15.8969886
1283881503	48.1833501	15.4130123
1284505147	48.5002733	14.3621063
1286472967	47.4291323	15.7795517
1313136478	47.2518116	12.2785354
1315131479	48.1851496	16.3474096
1322874774	47.2047104	15.6397868
1322910488	47.0237937	15.0553686
1322910879	46.7566069	14.8216332
1322911003	46.7453160	14.8228930
1332784729	47.2666907	15.7021755
1332835203	48.8438288	15.4825643
1335360793	46.5512993	14.0490034
1335709054	47.3974500	15.8712743
1336027672	48.0396616	16.4445584
1338230916	48.5142974	15.6954109
1339739851	48.7399621	15.5578575
1345722634	48.2307802	14.3050602
1349142913	46.9885031	16.2575727
1351667132	48.4919322	14.9517993
1353676244	48.5604508	14.6556876
1357160817	48.4406704	14.9954024
1358085314	47.4363445	13.9415421
1358172856	48.2337857	16.3919192
1359790753	47.0912079	15.4302161
1361201059	47.1178321	16.1646849
1362457561	48.1649109	16.4105429
1363456492	48.0092766	13.1823945
1363470460	48.8502071	15.0965490
1363873425	47.2108453	14.8175782
1363891675	47.2174827	14.8274376
1364241018	47.5252910	12.4230564
1365306728	48.1665985	16.4100258
1365320728	47.4987963	16.2899081
1365320736	47.4941901	16.2825280
1365361075	48.2307415	14.5290876
1369160964	48.0108734	13.9243763
1372799188	47.0631689	11.4873314
1374461857	48.7248513	15.3998498
1374893627	47.0619222	15.0921621
1374893635	47.0622480	15.0922580
1374990957	48.3326444	16.4102110
1380001486	48.9229548	15.2917431
1381574536	47.4065026	16.2609752
1382813809	47.9909637	13.6845842
1385244902	47.2369118	11.2739200
1385564067	48.0280189	16.2869396
1388347830	47.0268976	15.4008712
1389317931	46.7064811	15.7596242
1396880108	47.5976194	16.6277976
1404763911	48.1943493	16.3681271
1410361212	48.3633772	15.4315299
1417890893	47.0510571	15.2191540
1423205182	47.7271301	16.2144095
1424941724	47.0604806	15.4305458
1431403028	46.6424446	13.1797525
1433814780	46.6219577	14.2967883
1434105019	47.5853455	12.1618578
1435374343	47.4077834	12.8941605
1436654596	46.6379340	14.3331076
1437768283	46.6360543	14.3123812
1442062292	47.5749566	12.1578631
1445144917	47.5196694	16.1927934
1446820841	47.0235296	12.8619772
1456217042	47.9865518	12.9544669
1456283442	47.9573461	12.9421813
1461556142	47.5196576	12.0659365
1464185755	47.0353133	11.4819557
1467975139	47.4208580	13.3840382
1468025246	48.4673531	14.1569982
1469128821	48.2877550	14.1167810
1469237850	47.7549356	13.0873571
1470544957	48.7507184	16.6487011
1471844660	46.5280226	14.2918761
1471844667	46.5284416	14.2913509
1485521724	47.0675802	14.4302072
1488821302	48.1121922	15.6078495
1488953957	48.4079563	13.9180871
1490511563	46.6589902	14.1770573
1510061679	47.6785381	12.2544070
1534161921	47.2835597	16.0013841
1540229408	47.6211092	16.2872771
1546441556	48.5740045	14.8869171
1546445581	48.5765696	14.8841943
1546955601	48.4240683	15.2180435
1557007321	47.5916274	12.1327245
1562156376	47.3630517	16.0643656
1575083268	47.1696590	14.6467206
1575083270	47.1700346	14.6455940
1582368878	48.2580814	13.0495611
1584002052	48.4926905	16.2359662
1584594232	47.8229705	16.2154149
1586422804	46.5768390	14.5645890
1586931323	47.0926453	15.4063351
1587023888	47.9913285	13.8078752
1588242661	48.6384539	15.7066688
1591388380	48.5607874	16.0735395
1594519071	47.5169960	12.1969778
1596279273	47.4477285	15.3012144
1597646659	47.9038812	13.1203969
1599331952	47.2190071	15.9015024
1603677302	47.4947226	16.5106928
1603677305	47.4988906	16.5123236
1604822524	48.4446847	14.6766847
1607795530	47.1210039	15.8129665
1609841240	48.1432006	13.4885138
1632428633	48.1403884	16.4838242
1633724732	48.5432663	13.6548643
1645593644	47.0952890	11.4653965
1648466171	47.1912093	12.9790651
1648719642	48.6011799	16.0630940
1650043551	48.0967938	13.6677868
1654044108	48.2532322	14.3103902
1658843357	47.1976234	14.7676103
1659268054	47.1975371	14.7667843
1659501303	46.6080726	14.3302176
1662758268	47.1285966	11.4525972
1668251540	47.2180582	10.7355432
1669959414	48.2136729	14.4025470
1672169671	47.3624745	16.2840924
1678328674	47.1068901	15.6636379
1678621082	47.9605520	16.3978901
1682056293	46.7208049	15.9515562
1685757309	47.3043089	9.6476590
1686042585	47.4479400	11.8835312
1691756405	48.0785771	16.3879166
1700749652	46.8176647	13.8600714
1704226948	46.8439300	14.8396292
1704227934	46.8474295	14.8441976
1704734745	47.9739555	12.8920591
1705791298	48.0456397	14.3130798
1708219377	48.2269842	15.3437968
1712306932	47.7394715	16.4976677
1713215586	46.6799402	15.4013325
1714415421	47.8179096	13.0186744
1714415428	47.8194664	13.0173618
1714539927	47.7358084	16.4076779
1715180970	47.8170437	13.0536050
1717617435	48.4104520	13.5412263
1717617446	48.4087498	13.5217838
1718032589	47.3500299	15.0089975
1720904749	46.8258179	12.7955161
1721466887	47.8169337	13.2280068
1723249085	47.4262439	12.8399716
1723725183	46.8681788	15.8896414
1723802729	48.6763568	15.5855546
1726188024	46.5418539	13.6484585
1728225172	47.8781877	16.4149020
1729289631	48.2408949	16.3747241
1731853063	47.7392478	13.0832874
1740272350	47.2214126	12.9916479
1745709758	48.7625683	14.9706099
1749819763	48.6974168	15.3305912
1756488773	47.0138753	15.4098217
1758643273	47.4251479	16.0896585
1763657573	48.2859602	14.3024931
1765786818	47.0329455	15.4307642
1765833692	46.7637663	15.5802874
1765833698	46.7726408	15.5547635
1767853201	47.8616336	13.3340339
1770239241	46.8354312	14.5386216
1772604501	47.9268400	16.8728449
1774438995	47.9486484	14.8963923
1781424943	47.1495912	15.7693911
1782790090	47.0178105	11.5073372
1786182648	47.0675713	16.3230821
1791342390	48.2521802	16.4260952
1794668182	48.0562710	15.6048276
1798786733	47.0986466	15.4181551
1806271413	48.3204068	14.8173387
1818199711	48.6990358	14.9012812
1818199712	48.7030249	14.8977419
1820251676	48.1347535	13.7278901
1820252549	48.1393645	13.7324016
1832508734	47.9580029	16.3082910
1833987773	47.0696393	16.3222907
1834599865	48.1190596	14.8825481
1837788498	48.2840565	14.3691404
1838784735	47.5907806	15.6634434
1838787517	47.6063741	15.6810841
1840954327	46.7202467	15.5854340
1846913078	47.2317466	13.1985566
1851314511	46.8143940	13.8008289
1861534365	48.2473189	16.3347365
1862879620	48.1787659	13.0508600
1868847146	48.2766583	16.3880693
1868988579	48.1510200	16.3006546
1878369549	47.3027827	16.4422177
1885210368	47.7479887	16.4192554
1891099112	47.4674948	15.3396909
1891140628	47.4832310	15.3935980
1891140683	47.4834340	15.3933566
1891892922	48.5644043	16.0740171
1894949660	47.4776613	12.0454346
1895041003	48.0813520	14.9300881
1902507820	48.0910388	14.9286968
1908171175	48.3939490	14.8288660
1908738676	48.0807603	13.5638004
1912697781	47.1572066	15.5596796
1914161299	48.2439415	13.0488778
1917033935	46.7490108	15.8320713
1917114980	47.0547345	15.4163906
1927376620	48.5425161	13.5835786
1933420704	48.7566680	15.1922540
1935485039	48.1724067	16.3195167
1937279467	48.0478448	15.3224920
1937389663	47.2894128	12.9053226
1937389683	47.2965100	12.7960293
1937389694	47.2979238	12.7944978
1937389699	47.2831814	12.6238765
1949862615	48.2258044	16.6949948
1949885111	48.2464584	16.7001762
1949987621	46.7991409	13.6866364
1949987735	46.7993062	13.6875215
1951788074	48.2519353	15.8620769
1952483272	47.0460916	15.3951988
1962461156	48.5577122	15.0160695
1968841790	47.9758312	14.7555443
1971252663	48.2521100	15.3526935
1972794518	48.1025324	13.1783447
1975080118	48.1061729	13.1527957
1988866025	46.8509099	14.1675619
1995929246	48.1975167	15.9033814
1999628845	48.6020035	15.1690360
2000381114	48.5943809	15.5519156
2007762974	47.4094547	15.7184950
2007972137	48.2036170	14.2469594
2009121513	47.1950287	14.7135084
2012273886	48.2661853	16.4620705
2020455799	47.3170455	11.0936573
2021410228	48.3213342	14.7114729
2024803293	48.2663409	14.8077118
2032246276	48.3035200	16.5691167
2042544525	48.2162105	14.4580719
2042544529	48.2200887	14.4615268
2045041452	47.9362595	13.0821792
2065282000	46.8653056	14.4637910
2070801664	47.4292917	16.0593652
2073590974	47.4438592	16.0632272
2074545675	47.3255952	12.7963707
2083133499	47.8790598	16.0225513
2088083522	48.4311922	16.1745861
2090423181	48.0161578	16.8086501
2109440390	48.6648093	15.6392396
2110380678	47.4491857	13.9037719
2110385870	47.9729331	13.8984125
2113013496	46.5780427	13.9362562
2119606896	48.8616531	15.1204432
2121193248	48.5200642	16.6165143
2135062218	48.2348214	15.6902014
2135195999	46.6558431	14.5495303
2150252189	48.4243855	13.8687679
2150478404	48.1934544	14.8464387
2151733350	48.2720786	16.3602824
2153596075	47.4223733	15.2726874
2153692989	47.1543340	14.4155177
2159916286	48.1562911	15.1138562
2161273638	48.6738031	13.8990484
2161455213	46.9868564	15.4588679
2179485880	48.3505607	13.6358072
2201625206	47.1313791	15.0348170
2222530172	47.8250247	16.5315612
2222549409	48.1161709	16.4664960
2223226322	48.2133714	15.6239560
2245170692	47.4817871	12.1468636
2250348248	48.2338223	16.3779196
2252653959	48.2144266	16.5146307
2264421630	46.7514633	13.2496507
2264429564	46.7585904	13.2515325
2271949756	47.8461585	16.5406382
2284341392	47.2168490	15.4036770
2286523533	48.1437308	15.2827513
2289260717	48.2704413	16.4125346
2291762259	47.7658232	16.8019257
2293577680	47.5906826	16.5794482
2293773532	47.4669427	15.3735958
2299494538	47.9150316	15.0745145
2300098868	47.3816469	16.1202037
2300105295	47.3790370	16.1222261
2300126129	47.3744145	16.1255253
2311879134	48.5774493	13.9903766
2313147273	46.7463010	14.5311088
2313291636	48.2145821	14.2771877
2315906544	47.7422895	16.8323326
2329826964	48.2703374	14.9497034
2332523913	47.7203423	16.0368497
2332790221	48.0476742	16.6055013
2334708597	47.7937123	13.0291164
2339136461	48.2517957	14.6177469
2342570053	48.5587472	13.9884418
2343435056	47.4325216	9.8952750
2346723646	48.2048949	14.2477970
2346725956	48.2031778	14.2496625
2346727104	48.1951097	14.2528092
2346731331	48.1873088	14.2495420
2346733687	48.2135455	14.2776096
2346739750	48.2113735	14.2808870
2346749907	48.2160931	14.2793397
2347276796	47.1140347	15.7103718
2349992582	48.2829765	14.2884504
2350015842	48.2746618	14.2724556
2351630662	48.2148866	14.2834644
2351632060	48.2121724	14.2814161
2354747348	48.1256551	14.8625222
2355241493	48.2962264	14.3083899
2358982270	46.7223116	13.2599830
2362824609	47.2247230	15.2391888
2367933127	48.0249052	13.7368953
2375871576	47.3096643	15.8306210
2377684755	48.2000856	13.6457229
2385496834	47.5913450	16.5395088
2389313583	47.8469748	13.3389788
2389313895	48.0414488	14.4286001
2391247221	48.4259301	16.4890488
2394031665	47.8422214	16.9280768
2404919738	46.6588732	14.7708688
2419279119	47.4204044	15.0140073
2420012903	48.7003665	15.8635688
2423744183	47.4205428	15.0149284
2426499329	46.6150212	14.5751891
2433996314	48.3189227	13.6262930
2440703593	48.9432314	15.0435933
2453811935	47.5200064	12.4318061
2478850994	48.0913689	13.6672729
2480255333	47.7658233	16.9837488
2481349058	46.9967428	15.2835118
2482798850	48.0780284	14.3788241
2485231113	47.9252688	13.7884462
2489108762	48.2291598	16.3884774
2505889115	46.5919722	14.6368970
2510177589	48.2617152	16.4362635
2525508956	48.0665665	16.6044874
2543203147	47.8318993	13.3956841
2552462624	47.1714036	15.8048063
2577275587	46.7310265	14.3788090
2579768208	47.9366292	16.4859958
2589063829	47.8719196	13.3233475
2595300196	47.8843026	16.4400721
2598618007	47.8643964	13.0160292
2609155617	46.7899638	15.8526000
2609217614	47.1440337	15.5482514
2617146104	48.3533999	16.5696672
2617147850	48.3542899	16.5994760
2620801831	47.5829621	16.4609754
2632107229	47.8426095	16.2542889
2650727534	47.9885865	13.3928410
2656254682	47.1337966	13.6840460
2674603227	48.8652647	15.1169873
2682306906	48.2415018	14.5446193
2682342686	48.2503219	14.6279985
2709420307	47.8873791	13.1219162
2710641720	47.2984414	15.8379879
2767963662	47.7586171	16.6701508
2774954431	48.5956603	15.6621864
2795218673	47.9056967	15.6197705
2822792401	46.9379000	16.1487180
2825095804	48.0528074	12.9124138
2853452098	46.7027224	14.7285888
2860543355	47.4601767	13.9852779
2903385576	47.3958421	13.7012969
2909024459	47.1937464	15.8274775
2915660930	47.2786617	11.4212549
2946982343	47.5938775	12.1772342
2956377456	48.2274863	14.3938785
2957043209	47.2604162	11.4051467
2957756956	48.2955616	16.3409159
2959142556	47.4302070	9.6494431
2960687219	47.2779314	12.4532127
2967271855	48.0575332	16.5455894
2995609439	48.0211977	16.2979946
3007273424	47.3411252	9.6532852
3010915440	48.7871615	15.8015970
3012513182	47.1710123	11.3837195
3041510643	47.4392311	12.7647135
3057642799	46.6409622	14.9476793
3059821561	48.3749564	16.2380682
3077723078	47.1482732	13.5148807
3087929480	47.7355690	16.1050610
3103975526	48.6884207	16.8741523
3109259958	48.1989802	14.1615098
3116685890	47.5032538	16.2047365
3116997380	47.9757589	13.8207486
3141834667	47.9778879	16.8539545
3142117913	46.8031366	13.4875501
3158934966	46.8821959	15.8177806
3198957445	46.7162079	15.2535466
3198957446	46.7188118	15.2609496
3198985363	46.7227357	15.2784859
3215911079	48.6735548	15.1717829
3226331868	48.3178095	13.9185556
3226401801	48.2841729	13.8801723
3228380310	48.3104859	13.9034267
3235264981	47.1374476	15.0959789
3240807057	47.2608037	11.4210869
3243533451	47.9698188	13.2457946
3245145530	48.4443445	13.9388289
3257021012	47.2102060	11.8727849
3265435009	47.3426222	11.7082130
3282972733	48.0633009	14.1946445
3304371477	47.0145995	15.4739397
3334248995	46.5596871	13.6972286
3334248996	48.1499482	16.6874256
3334249100	47.8173300	12.9801600
3334249106	48.1166327	14.9072407
3334249109	46.7610203	14.3662521
3334249498	48.3808600	16.2040800
3334249596	46.7659100	14.3658700
3334249803	47.4541000	9.7549500
3334250100	48.2434289	14.5343424
3334250801	46.8580170	14.8532376
3353659332	48.2172270	16.3381608
3359725842	47.9362286	13.0837909
3361720169	47.0446090	15.1591096
3380369571	47.4695913	13.3841217
3408662575	47.0614736	15.0794169
3418267855	47.3530092	9.6348381
3430716541	47.2124020	16.1628611
3446113381	48.2173918	15.2210531
3449459671	48.0660284	15.1318762
3452819936	48.2290259	13.9366279
3474643674	47.0981679	9.8693890
3496418966	47.1022507	15.7135294
3520238960	47.4479201	16.4179859
3527068895	48.0763506	14.5138570
3530638353	47.5396325	15.2392388
3542210937	47.4852855	12.0397384
3571625095	48.1146122	14.8692302
3595746564	47.4104977	16.4152210
3623892203	48.1170143	14.7295941
3642439093	48.7586398	15.1948266
3646554597	47.9251256	13.7871391
3734095648	47.3489309	13.2022926
3734097165	47.0056546	15.5416820
3781286545	48.3762658	15.1486618
3818464562	48.2845280	14.3201932
3835616514	47.1942634	14.7223382
3835692258	47.0251749	10.9944481
3841483938	47.9640555	16.4066976
3851796584	47.3283574	9.9753560
3870864736	47.5122085	15.4567665
3915288918	47.3819524	9.6980560
3918089901	47.2671705	15.3255047
3922703713	48.0421089	14.7894417
3922710944	48.0288154	14.8382745
3934135035	48.2937326	14.3011157
3937465566	47.3474727	9.9052036
3962388722	46.6150033	13.2805349
3963824721	46.6279893	13.2523065
3964007840	47.2568097	16.4664553
3964461380	48.3208884	16.6523166
3964479911	48.3193497	16.0823390
3964485536	48.0124509	16.2564537
3964495347	48.0499588	15.6113668
3964501409	48.1685062	15.0866130
3964548663	48.2401828	14.5312729
3964558985	47.8299996	13.0825091
3964568932	47.7299813	16.4127865
3964583517	47.1953071	14.7410773
3971647409	48.6376274	16.2812766
3984223826	48.2523015	14.5959117
3996807740	47.4853331	15.3974349
4012996376	47.1914720	15.6339639
4019093189	47.1219466	15.3603350
4019093194	47.1221551	15.3589913
4021731912	48.3905022	15.0064292
4030313985	47.9659050	16.2525092
4036874823	47.1474944	16.1025925
4090716940	48.6190969	16.3596903
4092102809	48.3374847	14.1769097
4101936489	46.8901265	15.4980727
4133269136	48.6661458	15.6701990
4163586989	47.2831624	15.5144281
4173084427	48.4632839	15.7229645
4190197110	47.2306418	15.7347754
4227270803	47.3721371	15.7633464
4229419999	47.2687587	10.9375203
4263461343	47.6728741	15.9573313
4263461344	47.6730906	15.9562100
4265564443	47.5383057	12.4410284
4267811289	48.4033720	15.5875590
4268612811	47.9040764	16.9197863
4311208731	48.2848361	14.3522168
4318587934	48.0962932	14.5874125
4318638464	48.0390384	15.1435933
4326509230	47.9429689	16.8503856
4331664259	48.0901044	13.8574288
4351638538	46.8724314	15.9020213
4360334289	47.6472617	16.1263880
4372549335	47.3096726	15.5627011
4387107173	48.5453071	16.7708652
4413195770	48.2290052	14.7002699
4420008121	47.8358151	16.9237293
4426290498	47.1392624	14.4250696
4430725612	47.9968589	13.9219981
4431139193	48.2443169	14.2768170
4444418589	47.7030812	16.9029427
4494503859	47.7697354	13.0853184
4504284902	47.3371513	16.1451856
4504752675	46.9573454	15.8503448
4507311588	48.3317910	14.6179073
4519231929	47.5145153	16.4885926
4539913292	47.2267210	10.7480678
4539913298	47.2266950	10.7473254
4561364251	47.5870693	15.6600136
4570122824	48.2857538	16.3674875
4570122825	48.2857631	16.3674374
4571965196	46.7402067	12.3751251
4589166947	48.3767735	15.6105966
4592321393	47.2061154	14.6783757
4602448256	48.1538395	15.9228855
4606649010	47.3884811	12.8032745
4611453628	47.2317649	10.8531790
4618615355	47.2844991	11.1468640
4665038354	47.5659355	13.3413013
4665038355	47.5649042	13.3421592
4679838410	48.2092077	14.7461875
4680967511	48.0409569	15.0249253
4695993112	47.5401232	16.5501452
4695993113	47.5384001	16.5614652
4697119762	47.8348594	12.9973245
4709666980	48.2035376	14.6617461
4732258261	46.6379468	14.3707461
4741541881	47.4904963	14.4863842
4742354548	48.1622342	15.1088298
4768371053	47.0795696	15.9572811
4773321171	47.7917201	15.8962137
4785824396	47.0862330	15.9289545
4812309362	48.2997030	14.3325812
4847483327	48.2474801	14.6262358
4847549232	48.2478802	14.6235616
4867973410	47.8603314	16.9749747
4869441100	47.2279669	14.7597545
4873780051	47.2280766	11.4297212
4943011712	48.3910977	16.1070506
4970888028	47.0392264	15.1648108
4971957164	48.2942624	15.2623352
4973198761	47.6592446	15.5894284
4983401802	47.5822776	14.4547033
4997224017	48.5257037	16.3792331
4998194725	48.4061825	15.6035964
5018731409	47.6166514	15.9662613
5032390126	48.2229919	14.8502641
5037705378	47.0333925	15.4435955
5056971995	48.6648748	16.2466054
5063403918	47.5407590	16.1551263
5086299708	47.7432059	16.5444043
5086299709	47.7429831	16.5438732
5086659301	47.7668511	16.5322392
5090985471	46.7639179	15.9010049
5130343547	48.6024265	15.1862896
5131074813	47.1619683	15.6619173
5141205024	48.2204198	14.5074035
5145234812	46.7912638	12.6398765
5158626288	48.4204576	15.5943444
5159544233	47.9861405	16.2901736
5159544244	47.9819431	16.2882487
5163254335	48.4325126	15.6204826
5165281836	47.9314359	16.1954949
5183118665	48.0338288	16.4942994
5183929165	48.0716911	16.4575474
5214987306	48.0674153	14.4219775
5214987307	48.1013096	14.4417473
5220583687	48.2700815	13.7433041
5220583711	48.3526637	13.5588832
5220583779	48.2327620	13.8221913
5228950682	48.0776781	16.3232738
5228950693	48.0787751	16.3242321
5228950713	48.0764664	16.3190319
5234432955	47.8899468	16.2509237
5242838874	48.0283090	16.4895920
5252865758	47.4033233	11.8029273
5261679953	46.8221823	15.3189273
5261863771	46.8224915	15.2856808
5264162670	48.5884221	15.2734499
5271606936	47.4546783	15.3177206
5276546349	47.3739785	16.0931649
5278966032	48.4020544	16.6452289
5278997268	48.4749860	16.5913098
5282767899	47.9960795	16.2987231
5287792272	48.2717937	16.4080545
5304377621	47.6377400	13.1379600
5333970676	47.5602253	14.2581170
5333971667	47.5595289	14.2535247
5333971674	47.5636913	14.2422694
5333971677	47.5637444	14.2415745
5333971678	47.5683151	14.2282467
5335060571	48.5028249	13.8830734
5338087923	47.5593069	14.2538632
5345730915	48.2033786	16.3029341
5351400527	46.9708619	15.4366132
5354279328	48.4120516	15.6094803
5354279425	48.4122831	15.6089473
5356959710	47.2644295	11.3658155
5367713146	48.2083600	15.2121377
5372212022	48.4151839	15.6174704
5372212053	48.4147419	15.6146058
5373485651	48.2205765	16.4799327
5376607373	47.8961504	15.9684115
5376613421	47.8598134	16.1806393
5384191087	48.2074193	16.5441830
5404227256	48.4017411	15.9833948
5418867384	48.1229703	16.2933780
5426339768	46.7484529	12.4530734
5426464254	48.1996335	15.2216347
5426466372	48.4138587	15.7737650
5429004589	47.0568090	15.4288842
5429004787	48.4967914	13.9698038
5429057925	47.9291215	13.5018295
5430923904	47.1528230	9.8135450
5430930115	46.6314929	13.8265501
5430938745	46.7878859	13.5186286
5456905181	48.1895073	15.6181385
5456956341	48.1307882	16.2897335
5462940901	47.7481658	13.0679664
5465358185	48.2202416	14.1959031
5471282721	48.2324041	14.5106391
5478266477	47.1942127	14.5922685
5496365212	48.1753588	15.0850203
5497532582	47.6573900	12.7428545
5499318586	48.1584970	15.1120618
5502221712	48.1898614	15.0962417
5527140491	48.4249586	16.5480606
5560471383	48.3028459	16.5774170
5565241730	48.2238055	15.6344960
5569687257	47.2102856	14.8149937
5585316861	48.3859251	16.1987799
5604991322	47.2892222	16.0815073
5606437021	47.1322700	14.7387466
5609787864	47.4805079	14.0100182
5612429369	47.0812833	15.9683152
5612429404	47.0792641	15.9625181
5621542620	47.2173073	14.8397371
5632361460	47.9262684	16.5534279
5633142108	47.2180551	14.8159164
5636164245	47.1052388	15.7679885
5658600645	46.9897950	15.3985206
5711128821	47.3640604	15.0962824
5720514218	48.0376063	14.7776248
5766930092	46.5834136	13.6107329
5773888298	48.4053670	15.6550586
5781418621	48.4044576	15.6560366
5793707120	48.1534825	13.6344247
5827839474	48.2383032	13.9572226
5829794257	46.5661908	13.8221919
5831950886	47.2099772	14.8082672
5838233418	46.7585183	15.4461363
5884590223	48.0584437	14.8539327
5888317411	48.4233074	15.6564704
5902849949	46.6624133	14.6266803
5906840866	48.1703358	15.0859706
5932333493	47.2482872	15.6987601
5940310228	47.9431889	14.8063872
5942542232	47.4413668	10.6422550
5954045930	48.1952770	16.2813461
5980796682	48.1552396	14.0489669
5981584944	47.9050282	16.9243827
5988796591	48.2447291	16.6989866
5993814986	47.3051322	16.1927446
6015070605	47.0677381	15.4246913
6125455308	47.1828033	15.9929627
6144473790	48.3018566	14.0300956
6162029573	48.2933186	16.4833051
6163678757	47.8409258	13.5470840
6171399780	47.5752627	15.4978010
6176434313	48.1941742	16.1411504
6182337699	47.4632812	16.6340263
6183079661	48.4843766	13.8051195
6211244794	47.1688406	14.6544352
6284882542	48.1564400	16.3416941
6285681438	47.9460527	16.5816014
6289357877	48.3068534	14.3159195
6295105096	48.7535504	15.9519654
6311782991	48.1609403	16.3184059
6313677336	47.9436896	16.1116827
6321834690	48.3817812	16.8287726
6327304557	47.3360689	16.0778770
6368864827	48.0856556	13.8740478
6370728385	48.2370705	15.3266817
6372011622	47.4142970	16.0228079
6372011623	47.4156507	16.0200789
6393847203	47.2563388	11.3886345
6404949236	47.5760887	16.4266795
6412822269	48.1397403	15.2819129
6418788156	46.6058199	14.3089453
6476233065	47.0645419	16.3254636
6491096650	47.2195535	15.6345642
6512036193	47.3198523	15.6929035
6522154563	48.1748468	16.4080192
6535367643	47.9493417	16.2220856
6536540318	48.3587683	14.4838879
6543989605	47.4333953	13.5193745
6544614137	46.7220985	14.0989128
6544614173	46.7237409	14.1234455
6545489815	46.7105404	14.0770086
6547008244	48.0214913	14.7567985
6547091192	46.7066684	15.6340447
6566537085	46.7519442	14.0345836
6597498436	47.9326824	13.4922885
6604035530	48.1913408	14.1214849
6620359085	47.0624798	14.4317469
6627602971	48.3667808	14.9097254
6681604863	48.2247600	13.2964306
6702757289	46.5791653	13.9996024
6716233018	48.1467812	15.0315354
6737947096	48.0656909	15.2161708
6741886515	48.1198313	16.9445010
6775067994	47.4860639	13.9835988
6777872639	46.6750789	14.4243844
6781275226	48.3098373	15.6304915
6786606082	46.8011517	14.4026079
6796816342	47.0630949	10.3809185
6823348784	47.5592910	14.2534250
6848667683	47.3088069	14.9418072
6851477634	47.2748682	16.1578042
6857021588	48.7371991	14.9181448
6943771302	46.9618420	14.7952390
6981723328	48.2481941	13.0147985
6988408138	48.2224193	14.4084004
6989736074	47.3552960	15.0852638
6991627294	48.4028144	13.4472801
6992050777	48.2111066	13.3473242
6992219865	48.1054638	14.9528515
6993827014	48.2479507	13.0155611
7033739507	48.1776918	16.0614377
7050437470	47.3565698	11.7052382
7057793106	47.4445023	16.5139075
7057793110	47.4463323	16.5163861
7058758672	47.8843105	14.5490849
7073229663	48.2165430	16.5052513
7125659866	46.7724651	14.3672549
7130920660	47.8801201	16.3632144
7137771919	48.2244144	15.9167165
7191849844	47.9114732	16.6959009
7284544751	48.4148759	13.5695998
7323244157	48.0819747	14.4272989
7323297434	48.1300807	16.2919153
7325400967	47.8124665	13.7731233
7340472158	47.9363715	15.4970380
7342543035	48.3381127	16.7315373
7345672597	47.8840087	16.9449556
7345776407	47.8702247	16.9759997
7346679462	48.3625135	15.4167842
7498296147	48.3439563	14.4402494
7499488432	48.1791986	15.6155178
7519438670	48.0257914	14.0750782
7549290385	47.9987064	16.8712636
7559179588	47.3433629	15.3494534
7569314910	46.9745592	15.4982299
7569558876	48.2271153	14.2343169
7577833155	46.9154344	15.5831727
7593235749	47.0052504	15.4196976
7606490782	48.1258967	14.9798101
7606730629	47.9575856	15.2858996
7615887299	46.6493258	14.2841317
7620838269	48.0817431	16.2845318
7624013295	47.9090633	13.7842871
7648104344	46.8950339	14.3377215
7660899017	47.8943140	15.9559907
7662963257	47.5591840	16.4325790
7663771718	47.1154964	16.0583929
7705554573	48.1835280	14.0249652
7728435198	46.6311030	14.3710410
7742011911	47.5354926	12.0931672
7743591911	46.7849576	15.6407983
7799616832	48.4815429	15.8729322
7832335134	46.6836409	13.2541493
7844059509	48.1618814	14.0367246
7853603044	48.9166265	15.1053683
7888275971	46.6903531	13.6810946
7923879534	48.1182131	15.6085031
7937507046	47.6487412	12.1964787
7960907596	48.2183215	15.3496331
7960907597	48.2193076	15.3484502
7966910577	47.7639382	16.9899542
7969522167	48.2318453	16.8211145
7969531464	48.2641319	16.7123094
7969531465	48.2463977	16.9214881
7988244265	47.0526345	15.1318662
8007126431	48.2301314	15.3312130
8014571099	48.2541409	16.7528818
8016253468	48.2840707	16.5298639
8016953993	48.1990061	15.6209385
8121522796	48.1250879	16.3222276
8140512710	47.4069998	9.7348361
8245756255	48.1843784	14.5196534
8256019932	48.0750528	16.8942945
8264512376	48.0755450	16.9562065
8270805070	47.9759809	16.6040423
8274192196	48.1009352	15.4047820
8301028200	48.1980268	15.2217346
8301028204	48.2022473	15.2214088
8341484758	46.8471054	15.5378236
8355824525	48.0352474	14.7755331
8397999505	47.3087674	11.0515298
8400254464	47.2106044	14.7847840
8416617618	47.0558987	15.4483397
8437508314	48.5875732	16.8190632
8561245603	48.3288838	14.9802646
8563423941	48.2524586	16.4269827
8569125402	47.4487733	12.3242163
8575522685	47.2286032	12.0480219
8622257252	48.0826722	16.3916029
8668496259	47.9878408	16.2848410
8701708848	48.0432659	16.3246503
8772697450	48.1976417	15.4833944
8773851791	46.9289502	14.5473146
8790234750	48.5712656	14.9597947
8850821626	47.3825885	13.4271277
8875740891	47.4699950	15.3511326
8880036698	47.8005853	16.2823363
8888773267	47.1087449	14.1775104
8900428666	48.1877512	16.3471052
8907958881	46.6179724	14.0501967
8914304023	48.0223601	14.4053332
8969091874	47.4791156	16.0939557
8969119330	48.0341120	16.3378846
8969161641	47.4808563	16.0920413
8969190979	47.3326172	16.0608965
8973356010	47.1014294	15.8180979
8977364966	47.7161444	14.3159332
9008380771	47.1522400	9.8141565
9015156515	47.7455041	16.8295116
9029850717	47.9693342	13.2462450
9049106172	46.9809371	14.2196216
9051815313	47.5160939	11.7084740
9072265526	48.0670552	15.0509372
9072265558	48.0712768	15.0537257
9079047917	46.7322769	14.0939975
9082466178	47.9111934	16.2554610
9105549244	46.7418564	15.6052451
9106297522	47.5289820	11.7079423
9107486378	47.4331021	11.7355805
9110171564	48.3385894	13.7716037
9117362865	48.0843257	16.4571917
9117362866	47.2054502	15.3158517
9119441093	46.5973122	13.8386568
9124383372	47.3181492	11.6529166
9128047583	47.2632328	11.4531809
9128064503	47.2634709	11.4331969
9128064510	47.2633350	11.4297110
9128064511	47.2619094	11.4230918
9133414837	47.2977398	11.5882500
9133414863	47.2919223	11.5993377
9141531992	47.5182039	12.0674333
9142909971	47.4104641	10.9156841
9159585986	48.3746446	14.3439621
9167381469	48.0370923	12.9868242
9200875239	47.7360665	13.0504943
9235910259	48.4066357	13.5250730
9260735818	46.6954502	15.6379104
9268890022	47.8641210	15.0385881
9271907461	48.1145050	15.3354033
9309223630	47.1653400	9.7952341
9375816877	47.4365615	10.7661737
9389025662	48.0141000	15.5964435
9394256438	47.1844344	14.5958036
9397663684	48.1152304	14.5705453
9418380368	48.4131510	13.6010128
9426735078	48.2444768	14.3334706
9433712498	48.0295979	14.7105972
9465950815	46.8259252	12.7950591
9485782609	47.2923013	16.3952728
9512306067	47.1857933	15.3305064
9518859977	47.9729360	16.8515447
9547576001	47.4887310	12.3758465
9581021179	47.8221860	16.2235773
9665150002	48.1403983	16.9204598
9665150003	47.9128357	16.3863329
9691297898	46.6897177	15.2488309
9708687933	47.8290948	16.2444623
9724845717	46.6123727	14.3171015
9770451285	48.1665058	16.4109738
9788575255	46.7486702	15.3479768
9789978989	48.2581327	14.3298013
9828273755	48.4274047	14.4837365
9841488428	46.7424306	12.3866840
