country,date,diesel,diff_diesel,diff_e5,e5,index
Austria,2021-03-01,1.147,0.15700000000000003,0.30499999999999994,1.181,0
Austria,2021-03-08,1.156,0.16100000000000003,0.31000000000000005,1.196,0
Austria,2021-03-15,1.168,0.15700000000000003,0.30800000000000005,1.216,0
Austria,2021-03-22,1.163,0.1479999999999999,0.29899999999999993,1.209,0
Austria,2021-03-29,1.167,0.14100000000000001,0.29899999999999993,1.214,0
Austria,2021-04-12,1.163,0.14500000000000002,0.29899999999999993,1.218,0
Austria,2021-04-19,1.168,0.14200000000000013,0.30099999999999993,1.225,0
Austria,2021-04-26,1.17,0.14000000000000012,0.29000000000000004,1.232,0
Austria,2021-05-03,1.173,0.1419999999999999,0.29000000000000004,1.236,0
Austria,2021-05-10,1.19,0.125,0.272,1.254,0
Austria,2021-05-17,1.187,0.1419999999999999,0.29200000000000004,1.246,0
Austria,2021-05-24,1.186,0.15100000000000002,0.2979999999999998,1.243,0
Austria,2021-05-31,1.188,0.15500000000000003,0.30299999999999994,1.245,0
Austria,2021-06-07,1.194,0.15700000000000003,0.29899999999999993,1.25,0
Austria,2021-06-14,1.203,0.15799999999999992,0.30300000000000016,1.253,0
Austria,2021-06-21,1.213,0.15500000000000003,0.29700000000000015,1.267,0
Austria,2021-06-28,1.224,0.15599999999999992,0.30899999999999994,1.278,0
Austria,2021-07-05,1.227,0.15799999999999992,0.31100000000000017,1.283,0
Austria,2021-07-12,1.245,0.1469999999999998,0.29600000000000004,1.307,0
Austria,2021-07-19,1.239,0.15999999999999992,0.30299999999999994,1.312,0
Austria,2021-07-26,1.243,0.1519999999999999,0.29600000000000004,1.317,0
Austria,2021-08-02,1.249,0.1509999999999998,0.29400000000000004,1.329,0
Austria,2021-08-09,1.248,0.14300000000000002,0.2909999999999999,1.33,0
Austria,2021-08-16,1.248,0.1439999999999999,0.29499999999999993,1.328,0
Austria,2021-08-23,1.24,0.13400000000000012,0.2829999999999999,1.32,0
Austria,2021-08-30,1.252,0.1379999999999999,0.29000000000000004,1.326,0
Austria,2021-09-06,1.25,0.14500000000000002,0.30100000000000016,1.323,0
Austria,2021-09-13,1.252,0.14900000000000002,0.30400000000000005,1.325,0
Austria,2021-09-20,1.259,0.16100000000000003,0.31499999999999995,1.321,0
Austria,2021-09-27,1.277,0.16000000000000014,0.30800000000000005,1.325,0
Austria,2021-10-04,1.307,0.16700000000000004,0.32499999999999996,1.342,0
Austria,2021-10-11,1.353,0.16900000000000004,0.32000000000000006,1.382,0
Austria,2021-10-18,1.38,0.18000000000000016,0.3320000000000001,1.398,0
Austria,2021-10-25,1.398,0.17100000000000004,0.3310000000000002,1.404,0
Austria,2021-11-01,1.402,0.16900000000000004,0.3320000000000001,1.41,0
Austria,2021-11-08,1.411,0.16399999999999992,0.32499999999999996,1.427,0
Austria,2021-11-15,1.418,0.15500000000000003,0.32200000000000006,1.438,0
Austria,2021-11-22,1.406,0.15500000000000003,0.31600000000000006,1.425,0
Austria,2021-11-29,1.407,0.14300000000000002,0.28800000000000003,1.426,0
Austria,2021-12-06,1.392,0.131,0.258,1.405,0
Austria,2021-12-13,1.388,0.14200000000000013,0.274,1.397,0
Austria,2021-12-20,1.389,0.129,0.2610000000000001,1.398,0
Austria,2022-01-03,1.38,0.19300000000000006,0.32299999999999995,1.395,0
Austria,2022-01-10,1.395,0.17799999999999994,0.31200000000000006,1.406,0
Austria,2022-01-17,1.408,0.19600000000000017,0.31400000000000006,1.418,0
Austria,2022-01-24,1.418,0.19800000000000018,0.31600000000000006,1.427,0
Austria,2022-01-31,1.43,0.21399999999999997,0.33299999999999996,1.439,0
Austria,2022-02-07,1.441,0.22199999999999998,0.33599999999999985,1.453,0
Austria,2022-02-14,1.457,0.20899999999999985,0.3360000000000001,1.47,0
Austria,2022-02-21,1.464,0.19900000000000007,0.32600000000000007,1.478,0
Austria,2022-02-28,1.52,0.21799999999999997,0.345,1.528,0
Austria,2022-03-07,1.719,0.31299999999999994,0.3760000000000001,1.691,0
Austria,2022-03-14,2.023,0.2889999999999997,0.2719999999999998,1.987,0
Austria,2022-03-21,1.828,0.345,0.40600000000000014,1.738,0
Austria,2022-03-28,1.898,0.2809999999999999,0.3699999999999999,1.756,0
Austria,2022-04-04,1.843,0.21499999999999986,0.3400000000000001,1.716,0
Austria,2022-04-11,1.797,0.20200000000000018,0.33699999999999974,1.689,0
Austria,2022-04-25,1.832,0.20700000000000007,0.30999999999999983,1.719,0
Austria,2022-05-02,1.859,0.2160000000000002,0.3270000000000002,1.732,0
Austria,2022-05-09,1.875,0.20000000000000018,0.3380000000000001,1.755,0
Austria,2022-05-16,1.858,0.18100000000000005,0.35699999999999976,1.774,0
Austria,2022-05-23,1.839,0.17099999999999982,0.34599999999999986,1.808,0
Austria,2022-05-30,1.826,0.21099999999999985,0.367,1.826,0
Austria,2022-06-06,1.923,0.05699999999999994,0.01100000000000012,1.988,0
Austria,2022-06-13,2.023,0.017999999999999794,-0.040999999999999925,2.048,0
Austria,2022-06-20,2.069,-0.008000000000000007,-0.11499999999999999,2.089,0
Austria,2022-06-27,2.079,-0.03100000000000014,-0.17299999999999982,2.102,0
Austria,2022-07-04,2.072,-0.07200000000000006,-0.18599999999999994,2.086,0
Austria,2022-07-11,2.092,-0.127,-0.2160000000000002,2.1,0
Austria,2022-07-18,2.036,-0.05899999999999994,-0.17599999999999993,2.04,0
Austria,2022-07-25,2.01,-0.07099999999999973,-0.17900000000000005,1.996,0
Austria,2022-08-01,1.976,-0.03299999999999992,-0.1499999999999999,1.964,0
Austria,2022-08-08,1.866,0.039999999999999813,-0.10000000000000009,1.86,0
Austria,2022-08-15,1.77,0.15399999999999991,0.006000000000000005,1.761,0
Austria,2022-08-22,1.799,0.17600000000000016,0.027000000000000135,1.765,0
Austria,2022-08-29,1.865,0.21199999999999997,0.07800000000000007,1.758,0
Austria,2022-09-05,1.9,0.2589999999999999,0.32400000000000007,1.744,0
Austria,2022-09-12,1.958,0.17699999999999982,0.266,1.751,0
Austria,2022-09-19,1.933,0.10099999999999976,0.28,1.705,0
Austria,2022-09-26,1.917,0.09599999999999986,0.272,1.679,0
Austria,2022-10-03,1.955,0.06099999999999994,0.21700000000000008,1.724,0
Austria,2022-10-10,2.007,0.1339999999999999,0.24499999999999988,1.76,0
Austria,2022-10-17,2.048,0.1080000000000001,0.22599999999999998,1.786,0
Belgium,2021-03-01,1.3959300000000001,-0.09193000000000007,0.1254200000000001,1.36058,1
Belgium,2021-03-08,1.42297,-0.10597000000000012,0.09910999999999981,1.4068900000000002,1
Belgium,2021-03-15,1.4393900000000002,-0.11439000000000021,0.08699999999999997,1.437,1
Belgium,2021-03-22,1.42188,-0.11088000000000009,0.08021999999999996,1.42778,1
Belgium,2021-03-29,1.42105,-0.11304999999999987,0.10082999999999975,1.4121700000000001,1
Belgium,2021-04-12,1.42105,-0.11304999999999987,0.11146999999999996,1.40553,1
Belgium,2021-04-19,1.4219000000000002,-0.11190000000000011,0.11111999999999989,1.4148800000000001,1
Belgium,2021-04-26,1.4199000000000002,-0.10990000000000011,0.10146999999999995,1.42053,1
Belgium,2021-05-03,1.4104,-0.09540000000000015,0.10949999999999993,1.4165,1
Belgium,2021-05-10,1.43665,-0.12165000000000004,0.07884999999999986,1.4471500000000002,1
Belgium,2021-05-17,1.4892699999999999,-0.1602699999999999,0.04269000000000012,1.49531,1
Belgium,2021-05-24,1.4873299999999998,-0.15032999999999985,0.06221999999999994,1.47878,1
Belgium,2021-05-31,1.4481400000000002,-0.10514000000000023,0.10409999999999986,1.4439000000000002,1
Belgium,2021-06-07,1.45278,-0.10177999999999998,0.11339999999999995,1.4356,1
Belgium,2021-06-14,1.45776,-0.09675999999999996,0.0947,1.4613,1
Belgium,2021-06-21,1.50275,-0.13474999999999993,0.08207000000000009,1.48193,1
Belgium,2021-06-28,1.51472,-0.13472000000000017,0.08826,1.49874,1
Belgium,2021-07-05,1.51472,-0.12972000000000006,0.09526000000000012,1.49874,1
Belgium,2021-07-12,1.4943199999999999,-0.10231999999999997,0.11183999999999994,1.49116,1
Belgium,2021-07-19,1.48852,-0.08952000000000004,0.12207999999999997,1.49292,1
Belgium,2021-07-26,1.5029000000000001,-0.1079000000000001,0.10021999999999998,1.51278,1
Belgium,2021-08-02,1.5158699999999998,-0.11586999999999992,0.09949999999999992,1.5235,1
Belgium,2021-08-09,1.51633,-0.12532999999999994,0.1065999999999998,1.5144000000000002,1
Belgium,2021-08-16,1.49778,-0.10577999999999999,0.11904000000000003,1.50396,1
Belgium,2021-08-23,1.51143,-0.13742999999999994,0.06967000000000012,1.5333299999999999,1
Belgium,2021-08-30,1.49831,-0.10831000000000013,0.11668000000000012,1.49932,1
Belgium,2021-09-06,1.50074,-0.10573999999999995,0.11317000000000021,1.51083,1
Belgium,2021-09-13,1.5054,-0.10440000000000005,0.11776999999999993,1.51123,1
Belgium,2021-09-20,1.52755,-0.10755000000000003,0.1000399999999999,1.53596,1
Belgium,2021-09-27,1.52919,-0.09219,0.11043000000000003,1.52257,1
Belgium,2021-10-04,1.57099,-0.09699000000000013,0.12322000000000011,1.54378,1
Belgium,2021-10-11,1.5933499999999998,-0.0713499999999998,0.1334200000000001,1.5685799999999999,1
Belgium,2021-10-18,1.64425,-0.08424999999999994,0.10821999999999998,1.62178,1
Belgium,2021-10-25,1.64239,-0.07339000000000007,0.10566000000000009,1.62934,1
Belgium,2021-11-01,1.65796,-0.08696000000000015,0.09797000000000011,1.6440299999999999,1
Belgium,2021-11-08,1.6768399999999999,-0.10183999999999993,0.07891000000000004,1.67309,1
Belgium,2021-11-15,1.6846400000000001,-0.11164000000000018,0.07376000000000005,1.68624,1
Belgium,2021-11-22,1.6825899999999998,-0.12158999999999986,0.023460000000000036,1.71754,1
Belgium,2021-11-29,1.66875,-0.11874999999999991,0.07234999999999991,1.64165,1
Belgium,2021-12-06,1.60436,-0.0813600000000001,0.08123000000000014,1.58177,1
Belgium,2021-12-13,1.6071600000000001,-0.07716000000000012,0.10965000000000003,1.56135,1
Belgium,2021-12-20,1.62698,-0.10898000000000008,0.04389000000000021,1.6151099999999998,1
Belgium,2022-01-03,1.654,-0.08099999999999996,0.07800000000000007,1.64,1
Belgium,2022-01-10,1.66829,-0.0952900000000001,0.07116000000000011,1.6468399999999999,1
Belgium,2022-01-17,1.6847,-0.0807,0.10664000000000007,1.62536,1
Belgium,2022-01-24,1.69076,-0.07475999999999994,0.0947300000000002,1.64827,1
Belgium,2022-01-31,1.7084000000000001,-0.06440000000000023,0.11514000000000002,1.65686,1
Belgium,2022-02-07,1.73047,-0.06746999999999992,0.11575000000000002,1.67325,1
Belgium,2022-02-14,1.74831,-0.0823100000000001,0.12140000000000017,1.6845999999999999,1
Belgium,2022-02-21,1.74033,-0.0773299999999999,0.10299999999999998,1.701,1
Belgium,2022-02-28,1.783,-0.04499999999999993,0.13815,1.73485,1
Belgium,2022-03-07,1.92427,0.1077300000000001,0.2553000000000001,1.8117,1
Belgium,2022-03-14,2.14289,0.16910999999999987,0.3083699999999998,1.95063,1
Belgium,2022-03-21,1.8782,0.29479999999999995,0.39090000000000025,1.7530999999999999,1
Belgium,2022-03-28,1.96174,0.2172599999999998,0.3658399999999997,1.7601600000000002,1
Belgium,2022-04-04,2.01878,0.03921999999999981,0.2483900000000001,1.80761,1
Belgium,2022-04-11,1.89473,0.10427000000000008,0.23871999999999982,1.78728,1
Belgium,2022-04-25,1.94272,0.09628000000000014,0.26571999999999996,1.76328,1
Belgium,2022-05-02,1.98982,0.08518000000000026,0.2374700000000003,1.8215299999999999,1
Belgium,2022-05-09,2.04087,0.034130000000000216,0.21741999999999995,1.87558,1
Belgium,2022-05-16,1.9989400000000002,0.040059999999999985,0.20518999999999976,1.92581,1
Belgium,2022-05-23,1.9440899999999999,0.06590999999999991,0.1862299999999999,1.96777,1
Belgium,2022-05-30,1.9093699999999998,0.12763000000000013,0.24561999999999995,1.94738,1
Belgium,2022-06-06,1.9842,-0.0041999999999999815,-0.024379999999999846,2.02338,1
Belgium,2022-06-13,2.11205,-0.07105000000000006,-0.1000399999999999,2.10704,1
Belgium,2022-06-20,2.1734400000000003,-0.11244000000000032,-0.13683,2.11083,1
Belgium,2022-06-27,2.17801,-0.13000999999999996,-0.11399000000000004,2.04299,1
Belgium,2022-07-04,2.11117,-0.11116999999999999,-0.10643000000000002,2.00643,1
Belgium,2022-07-11,2.04371,-0.07870999999999984,-0.10669000000000017,1.99069,1
Belgium,2022-07-18,2.02663,-0.04962999999999984,-0.04623999999999984,1.91024,1
Belgium,2022-07-25,2.00024,-0.06123999999999974,-0.05828000000000011,1.87528,1
Belgium,2022-08-01,1.97583,-0.032829999999999915,-0.03261999999999987,1.84662,1
Belgium,2022-08-08,1.91478,-0.00878000000000001,-0.01998000000000011,1.7799800000000001,1
Belgium,2022-08-15,1.88104,0.04295999999999989,0.025269999999999904,1.74173,1
Belgium,2022-08-22,1.8920299999999999,0.08297000000000021,0.07308999999999988,1.7189100000000002,1
Belgium,2022-08-29,2.00534,0.07166000000000006,0.10250000000000004,1.7335,1
Belgium,2022-09-05,2.02106,0.13793999999999995,0.3794200000000001,1.68858,1
Belgium,2022-09-12,1.99061,0.1443899999999998,0.3623399999999999,1.65466,1
Belgium,2022-09-19,1.9343599999999999,0.09963999999999995,0.30981000000000014,1.67519,1
Belgium,2022-09-26,1.8854000000000002,0.1275999999999997,0.2615400000000001,1.68946,1
Belgium,2022-10-03,1.90662,0.10938000000000003,0.2501700000000002,1.6908299999999998,1
Belgium,2022-10-10,1.97512,0.16588000000000003,0.2554399999999999,1.74956,1
Belgium,2022-10-17,2.14471,0.011290000000000244,0.20536999999999983,1.8066300000000002,1
Czechia,2021-03-01,1.0835299999999999,0.22047000000000017,0.36202999999999985,1.1239700000000001,5
Czechia,2021-03-08,1.08619,0.23080999999999996,0.37741,1.12859,5
Czechia,2021-03-15,1.12152,0.20347999999999988,0.35220000000000007,1.1718,5
Czechia,2021-03-22,1.13649,0.17450999999999994,0.31191000000000013,1.1960899999999999,5
Czechia,2021-03-29,1.13969,0.16830999999999996,0.3114999999999999,1.2015,5
Czechia,2021-04-12,1.13987,0.1681300000000001,0.30659999999999976,1.2104000000000001,5
Czechia,2021-04-19,1.1451600000000002,0.16483999999999988,0.3083800000000001,1.21762,5
Czechia,2021-04-26,1.14942,0.16057999999999995,0.2983399999999998,1.2236600000000002,5
Czechia,2021-05-03,1.15136,0.16364,0.29995000000000016,1.2260499999999999,5
Czechia,2021-05-10,1.1595499999999999,0.1554500000000001,0.2912300000000001,1.23477,5
Czechia,2021-05-17,1.17935,0.14965000000000006,0.2791600000000001,1.25884,5
Czechia,2021-05-24,1.18368,0.1533199999999999,0.27557999999999994,1.26542,5
Czechia,2021-05-31,1.18194,0.16105999999999998,0.28383999999999987,1.2641600000000002,5
Czechia,2021-06-07,1.19094,0.16005999999999987,0.27757999999999994,1.27142,5
Czechia,2021-06-14,1.1959300000000002,0.16506999999999983,0.28398999999999996,1.27201,5
Czechia,2021-06-21,1.19723,0.1707700000000001,0.29234000000000004,1.27166,5
Czechia,2021-06-28,1.2108299999999999,0.16917000000000004,0.3035399999999999,1.28346,5
Czechia,2021-07-05,1.20671,0.17829000000000006,0.3149000000000002,1.2791,5
Czechia,2021-07-12,1.22579,0.16620999999999997,0.3024899999999999,1.30051,5
Czechia,2021-07-19,1.23527,0.16372999999999993,0.30357999999999996,1.31142,5
Czechia,2021-07-26,1.23532,0.15968000000000004,0.30027000000000004,1.31273,5
Czechia,2021-08-02,1.24329,0.1567099999999999,0.3018299999999998,1.3211700000000002,5
Czechia,2021-08-09,1.24591,0.14508999999999994,0.2900999999999998,1.3309000000000002,5
Czechia,2021-08-16,1.24403,0.14796999999999993,0.2938599999999998,1.3291400000000002,5
Czechia,2021-08-23,1.24014,0.1338600000000001,0.27854999999999985,1.3244500000000001,5
Czechia,2021-08-30,1.23684,0.15315999999999996,0.29444000000000026,1.3215599999999998,5
Czechia,2021-09-06,1.2446,0.1504000000000001,0.2935000000000001,1.3305,5
Czechia,2021-09-13,1.25229,0.14871000000000012,0.29568000000000016,1.3333199999999998,5
Czechia,2021-09-20,1.25102,0.1689799999999999,0.30526999999999993,1.33073,5
Czechia,2021-09-27,1.26031,0.17669,0.2984500000000001,1.33455,5
Czechia,2021-10-04,1.2923,0.18169999999999997,0.31131,1.35569,5
Czechia,2021-10-11,1.3373,0.1847000000000001,0.3114699999999999,1.39053,5
Czechia,2021-10-18,1.36601,0.1939900000000001,0.31735999999999986,1.4126400000000001,5
Czechia,2021-10-25,1.37923,0.18977,0.31913000000000014,1.41587,5
Czechia,2021-11-01,1.4008,0.1701999999999999,0.30577999999999994,1.43622,5
Czechia,2021-11-08,1.4293900000000002,0.1456099999999998,0.2813399999999999,1.47066,5
Czechia,2021-11-15,1.43268,0.14032,0.2856400000000001,1.47436,5
Czechia,2021-11-22,1.4200899999999999,0.1409100000000001,0.2750300000000001,1.46597,5
Czechia,2021-11-29,1.39706,0.15294000000000008,0.27074,1.44326,5
Czechia,2021-12-06,1.40411,0.11888999999999994,0.21896000000000004,1.44404,5
Czechia,2021-12-13,1.39333,0.13667000000000007,0.2399500000000001,1.43105,5
Czechia,2021-12-20,1.39859,0.11941000000000002,0.22371000000000008,1.43529,5
Czechia,2022-01-03,1.41055,0.16244999999999998,0.27222999999999997,1.44577,5
Czechia,2022-01-10,1.4346199999999998,0.13838000000000017,0.24330999999999992,1.47469,5
Czechia,2022-01-17,1.4323,0.17170000000000019,0.2601800000000001,1.47182,5
Czechia,2022-01-24,1.4364000000000001,0.17959999999999998,0.26779,1.4752100000000001,5
Czechia,2022-01-31,1.45425,0.18974999999999986,0.27905999999999986,1.4929400000000002,5
Czechia,2022-02-07,1.48101,0.1819900000000001,0.2703399999999998,1.5186600000000001,5
Czechia,2022-02-14,1.47503,0.19096999999999986,0.29211999999999994,1.5138800000000001,5
Czechia,2022-02-21,1.49788,0.16511999999999993,0.26763000000000026,1.5363699999999998,5
Czechia,2022-02-28,1.52754,0.2104600000000001,0.31853,1.55447,5
Czechia,2022-03-07,1.7989000000000002,0.23309999999999986,0.36379000000000006,1.7032100000000001,5
Czechia,2022-03-14,1.97698,0.3350199999999999,0.40741000000000005,1.8515899999999998,5
Czechia,2022-03-21,1.85897,0.31403000000000003,0.3682400000000001,1.77576,5
Czechia,2022-03-28,1.917,0.2619999999999998,0.32738,1.7986199999999999,5
Czechia,2022-04-04,1.92611,0.13188999999999984,0.24202000000000012,1.81398,5
Czechia,2022-04-11,1.85869,0.14031000000000016,0.2714899999999998,1.75451,5
Czechia,2022-04-25,1.8305799999999999,0.20842000000000027,0.28601999999999994,1.74298,5
Czechia,2022-05-02,1.82984,0.24516000000000027,0.3199900000000002,1.73901,5
Czechia,2022-05-09,1.85133,0.22367000000000026,0.33064000000000004,1.76236,5
Czechia,2022-05-16,1.87115,0.16785000000000005,0.31986999999999965,1.8111300000000001,5
Czechia,2022-05-23,1.87619,0.13380999999999976,0.28122999999999987,1.87277,5
Czechia,2022-05-30,1.86274,0.17425999999999986,0.3092999999999999,1.8837000000000002,5
Czechia,2022-06-06,1.83374,0.14626000000000006,0.14175000000000004,1.85725,5
Czechia,2022-06-13,1.88574,0.15525999999999995,0.09267000000000025,1.9143299999999999,5
Czechia,2022-06-20,1.9344100000000002,0.12658999999999976,0.03970999999999991,1.93429,5
Czechia,2022-06-27,1.94928,0.09872000000000014,-0.005029999999999868,1.93403,5
Czechia,2022-07-04,1.94706,0.05293999999999999,-0.036960000000000104,1.93696,5
Czechia,2022-07-11,1.93974,0.02526000000000006,-0.052650000000000086,1.93665,5
Czechia,2022-07-18,1.92521,0.05179,-0.06108999999999987,1.92509,5
Czechia,2022-07-25,1.89452,0.044480000000000075,-0.06427000000000005,1.88127,5
Czechia,2022-08-01,1.84306,0.09994000000000014,-0.007059999999999844,1.82106,5
Czechia,2022-08-08,1.79539,0.11060999999999988,0.013719999999999954,1.74628,5
Czechia,2022-08-15,1.73823,0.18577,0.09840000000000004,1.6685999999999999,5
Czechia,2022-08-22,1.7184300000000001,0.25656999999999996,0.15669,1.63531,5
Czechia,2022-08-29,1.8282,0.2487999999999999,0.18790000000000018,1.6481,5
Czechia,2022-09-05,1.84717,0.31182999999999983,0.42474999999999996,1.64325,5
Czechia,2022-09-12,1.82299,0.3120099999999997,0.41974999999999985,1.59725,5
Czechia,2022-09-19,1.80399,0.23000999999999983,0.41179999999999994,1.5732000000000002,5
Czechia,2022-09-26,1.74915,0.2638499999999999,0.4186099999999999,1.5323900000000001,5
Czechia,2022-10-03,1.75125,0.26475000000000004,0.38219000000000003,1.55881,5
Czechia,2022-10-10,1.80768,0.33332000000000006,0.33304999999999985,1.67195,5
Czechia,2022-10-17,1.8924400000000001,0.26356,0.2775699999999999,1.7344300000000001,5
Denmark,2021-03-01,1.35288,-0.048880000000000035,-0.09819,1.58419,6
Denmark,2021-03-08,1.3367,-0.01970000000000005,-0.10369000000000006,1.60969,6
Denmark,2021-03-15,1.3636,-0.03859999999999997,-0.11258999999999997,1.63659,6
Denmark,2021-03-22,1.33674,-0.025740000000000096,-0.11518000000000006,1.62318,6
Denmark,2021-03-29,1.3232899999999999,-0.015289999999999804,-0.11018000000000017,1.62318,6
Denmark,2021-04-12,1.3231300000000001,-0.015130000000000088,-0.10599000000000003,1.62299,6
Denmark,2021-04-19,1.33667,-0.02666999999999997,-0.11053999999999986,1.6365399999999999,6
Denmark,2021-04-26,1.3232599999999999,-0.013259999999999827,-0.11458999999999997,1.63659,6
Denmark,2021-05-03,1.3366500000000001,-0.02165000000000017,-0.11051999999999995,1.63652,6
Denmark,2021-05-10,1.3636199999999998,-0.048619999999999886,-0.12405999999999984,1.6500599999999999,6
Denmark,2021-05-17,1.36358,-0.034580000000000055,-0.11200999999999994,1.65001,6
Denmark,2021-05-24,1.3635599999999999,-0.026559999999999917,-0.09553999999999996,1.6365399999999999,6
Denmark,2021-05-31,1.36354,-0.020540000000000003,-0.1019699999999999,1.64997,6
Denmark,2021-06-07,1.3903599999999998,-0.03935999999999984,-0.11433000000000004,1.66333,6
Denmark,2021-06-14,1.39051,-0.029509999999999925,-0.12094999999999989,1.67695,6
Denmark,2021-06-21,1.3850799999999999,-0.017079999999999762,-0.08465000000000011,1.6486500000000002,6
Denmark,2021-06-28,1.41188,-0.03188000000000013,-0.08843000000000001,1.67543,6
Denmark,2021-07-05,1.4255,-0.04049999999999998,-0.09507999999999983,1.68908,6
Denmark,2021-07-12,1.42521,-0.033210000000000184,-0.08573999999999993,1.68874,6
Denmark,2021-07-19,1.41173,-0.012729999999999908,-0.08714000000000022,1.7021400000000002,6
Denmark,2021-07-26,1.4118199999999999,-0.016819999999999835,-0.07580999999999993,1.68881,6
Denmark,2021-08-02,1.4250999999999998,-0.0250999999999999,-0.07905000000000006,1.70205,6
Denmark,2021-08-09,1.41186,-0.02085999999999988,-0.08129999999999993,1.7023,6
Denmark,2021-08-16,1.41192,-0.01992000000000016,-0.07936999999999994,1.70237,6
Denmark,2021-08-23,1.39843,-0.024429999999999952,-0.07243,1.67543,6
Denmark,2021-08-30,1.42548,-0.03548000000000018,-0.08650999999999986,1.70251,6
Denmark,2021-09-06,1.43895,-0.043949999999999934,-0.09197999999999995,1.71598,6
Denmark,2021-09-13,1.4389100000000001,-0.03791000000000011,-0.08692999999999995,1.71593,6
Denmark,2021-09-20,1.46586,-0.04586000000000001,-0.08000000000000007,1.716,6
Denmark,2021-09-27,1.49139,-0.05438999999999994,-0.08028999999999997,1.71329,6
Denmark,2021-10-04,1.53145,-0.05745,-0.09975,1.76675,6
Denmark,2021-10-11,1.5844200000000002,-0.06242000000000014,-0.07728000000000002,1.77928,6
Denmark,2021-10-18,1.59812,-0.03811999999999993,-0.07645000000000013,1.8064500000000001,6
Denmark,2021-10-25,1.5847,-0.015700000000000047,-0.08491999999999988,1.81992,6
Denmark,2021-11-01,1.5982,-0.027200000000000113,-0.09143000000000012,1.8334300000000001,6
Denmark,2021-11-08,1.61193,-0.03693000000000013,-0.12207999999999997,1.87408,6
Denmark,2021-11-15,1.6120999999999999,-0.03909999999999991,-0.1277299999999999,1.88773,6
Denmark,2021-11-22,1.5853599999999999,-0.024359999999999937,-0.09311999999999987,1.83412,6
Denmark,2021-11-29,1.59883,-0.04882999999999993,-0.10670000000000002,1.8207,6
Denmark,2021-12-06,1.51825,0.00474999999999981,-0.06369000000000002,1.72669,6
Denmark,2021-12-13,1.53573,-0.005730000000000013,-0.10678999999999994,1.77779,6
Denmark,2021-12-20,1.5357100000000001,-0.017710000000000115,-0.10531999999999986,1.7643199999999999,6
Denmark,2022-01-03,1.54876,0.02424000000000004,-0.08620000000000005,1.8042,6
Denmark,2022-01-10,1.5891199999999999,-0.016119999999999912,-0.08621999999999996,1.80422,6
Denmark,2022-01-17,1.58835,0.015650000000000164,-0.08478999999999992,1.81679,6
Denmark,2022-01-24,1.6149200000000001,0.0010799999999999699,-0.10031999999999974,1.8433199999999998,6
Denmark,2022-01-31,1.62862,0.01537999999999995,-0.08504999999999985,1.8570499999999999,6
Denmark,2022-02-07,1.64152,0.021479999999999944,-0.08089000000000013,1.86989,6
Denmark,2022-02-14,1.65567,0.01032999999999995,-0.09156999999999993,1.89757,6
Denmark,2022-02-21,1.65598,0.007020000000000026,-0.10736999999999974,1.9113699999999998,6
Denmark,2022-02-28,1.72303,0.014969999999999928,-0.07851000000000008,1.95151,6
Denmark,2022-03-07,1.92458,0.10742000000000007,-0.005409999999999471,2.0724099999999996,6
Denmark,2022-03-14,1.9111600000000002,0.40083999999999964,0.18656000000000006,2.07244,6
Denmark,2022-03-21,1.9661099999999998,0.20689000000000024,0.0972599999999999,2.0467400000000002,6
Denmark,2022-03-28,2.14133,0.03766999999999987,-0.0018899999999999473,2.12789,6
Denmark,2022-04-04,1.92646,0.13153999999999977,-0.031789999999999985,2.08779,6
Denmark,2022-04-11,1.87294,0.12606000000000006,0.005160000000000053,2.0208399999999997,6
Denmark,2022-04-25,2.00696,0.03204000000000029,-0.058619999999999894,2.08762,6
Denmark,2022-05-02,2.08762,-0.012619999999999632,-0.12271999999999972,2.18172,6
Denmark,2022-05-09,2.0743400000000003,0.0006599999999998829,-0.11578000000000044,2.2087800000000004,6
Denmark,2022-05-16,2.00624,0.03276000000000012,-0.0902400000000001,2.22124,6
Denmark,2022-05-23,1.9526199999999998,0.05737999999999999,-0.16145999999999994,2.31546,6
Denmark,2022-05-30,2.04729,-0.01028999999999991,-0.21723999999999988,2.41024,6
Denmark,2022-06-06,2.1817399999999996,-0.2017399999999996,-0.5456999999999996,2.5446999999999997,6
Denmark,2022-06-13,2.27563,-0.23463000000000012,-0.48368999999999973,2.49069,6
Denmark,2022-06-20,2.3108899999999997,-0.24988999999999972,-0.4619099999999998,2.43591,6
Denmark,2022-06-27,2.26992,-0.2219199999999999,-0.5062199999999997,2.4352199999999997,6
Denmark,2022-07-04,2.1629,-0.16290000000000004,-0.48201000000000027,2.38201,6
Denmark,2022-07-11,2.1219099999999997,-0.15690999999999966,-0.4435199999999999,2.32752,6
Denmark,2022-07-18,2.12131,-0.14430999999999972,-0.38226000000000027,2.2462600000000004,6
Denmark,2022-07-25,2.06719,-0.12819000000000003,-0.3751,2.1921,6
Denmark,2022-08-01,2.0804,-0.13739999999999997,-0.4047299999999998,2.21873,6
Denmark,2022-08-08,1.97433,-0.06833,-0.32587999999999995,2.08588,6
Denmark,2022-08-15,1.97249,-0.048490000000000144,-0.34936000000000034,2.1163600000000002,6
Denmark,2022-08-22,2.06669,-0.09168999999999983,-0.32443999999999984,2.11644,6
Denmark,2022-08-29,2.14711,-0.07011000000000012,-0.28018999999999994,2.11619,6
Denmark,2022-09-05,2.06686,0.09213999999999967,0.03207000000000004,2.03593,6
Denmark,2022-09-12,2.01304,0.12195999999999962,0.021439999999999904,1.99556,6
Denmark,2022-09-19,1.93215,0.10184999999999977,-0.05068000000000006,2.03568,6
Denmark,2022-09-26,1.98548,0.02751999999999999,-0.07818000000000014,2.02918,6
Denmark,2022-10-03,1.98545,0.030550000000000077,-0.08814999999999995,2.02915,6
Denmark,2022-10-10,2.17385,-0.032849999999999824,-0.12448999999999977,2.1294899999999997,6
Denmark,2022-10-17,2.21433,-0.05832999999999977,-0.18486000000000002,2.19686,6
France,2021-03-01,1.37296,-0.06895999999999991,0.005390000000000006,1.48061,9
France,2021-03-08,1.3758,-0.05879999999999996,0.0156400000000001,1.49036,9
France,2021-03-15,1.39028,-0.06528,0.014319999999999888,1.5096800000000001,9
France,2021-03-22,1.39298,-0.08198000000000016,-0.013680000000000136,1.5216800000000001,9
France,2021-03-29,1.3779400000000002,-0.06994000000000011,0.0006099999999997774,1.5123900000000001,9
France,2021-04-12,1.36944,-0.06143999999999994,0.0026599999999998847,1.51434,9
France,2021-04-19,1.37182,-0.061819999999999986,0.009689999999999976,1.51631,9
France,2021-04-26,1.37864,-0.06864000000000003,0.001180000000000181,1.5208199999999998,9
France,2021-05-03,1.3774600000000001,-0.06246000000000018,0.00934999999999997,1.51665,9
France,2021-05-10,1.39133,-0.07633000000000001,-0.004750000000000032,1.53075,9
France,2021-05-17,1.38885,-0.05984999999999996,0.014550000000000063,1.52345,9
France,2021-05-24,1.39126,-0.054259999999999975,0.017779999999999907,1.52322,9
France,2021-05-31,1.39152,-0.04852000000000012,0.027230000000000087,1.52077,9
France,2021-06-07,1.4022000000000001,-0.051200000000000134,0.02022999999999997,1.52877,9
France,2021-06-14,1.40873,-0.04773000000000005,0.02458999999999989,1.5314100000000002,9
France,2021-06-21,1.41938,-0.05137999999999998,0.027940000000000076,1.53606,9
France,2021-06-28,1.4296300000000002,-0.049630000000000285,0.03886999999999996,1.54813,9
France,2021-07-05,1.43824,-0.053239999999999954,0.0285200000000001,1.56548,9
France,2021-07-12,1.4376600000000002,-0.045660000000000256,0.03495000000000004,1.56805,9
France,2021-07-19,1.4465599999999998,-0.047559999999999825,0.030999999999999917,1.584,9
France,2021-07-26,1.44106,-0.04605999999999999,0.030569999999999986,1.58243,9
France,2021-08-02,1.43374,-0.0337400000000001,0.05030000000000001,1.5727,9
France,2021-08-09,1.4419300000000002,-0.05093000000000014,0.033359999999999834,1.5876400000000002,9
France,2021-08-16,1.43346,-0.04146000000000005,0.03726000000000007,1.58574,9
France,2021-08-23,1.42775,-0.053749999999999964,0.02526000000000006,1.57774,9
France,2021-08-30,1.42516,-0.03516000000000008,0.04679000000000011,1.56921,9
France,2021-09-06,1.42943,-0.03442999999999996,0.05543000000000009,1.56857,9
France,2021-09-13,1.4417200000000001,-0.04072000000000009,0.04353000000000007,1.58547,9
France,2021-09-20,1.45374,-0.0337400000000001,0.04650999999999983,1.58949,9
France,2021-09-27,1.4659,-0.028899999999999926,0.04577000000000009,1.58723,9
France,2021-10-04,1.49703,-0.023030000000000106,0.06292000000000009,1.60408,9
France,2021-10-11,1.5354,-0.013400000000000079,0.06879999999999997,1.6332,9
France,2021-10-18,1.55827,0.0017300000000000093,0.07331999999999983,1.6566800000000002,9
France,2021-10-25,1.5531300000000001,0.01586999999999983,0.08623000000000003,1.64877,9
France,2021-11-01,1.55665,0.014349999999999863,0.0824100000000001,1.65959,9
France,2021-11-08,1.54932,0.025679999999999925,0.08945000000000003,1.66255,9
France,2021-11-15,1.55767,0.015329999999999844,0.10104000000000002,1.65896,9
France,2021-11-22,1.55603,0.004969999999999919,0.07586000000000004,1.66514,9
France,2021-11-29,1.5536500000000002,-0.003650000000000153,0.06111999999999984,1.6528800000000001,9
France,2021-12-06,1.5536500000000002,-0.030650000000000288,0.029020000000000046,1.63398,9
France,2021-12-13,1.52549,0.004510000000000014,0.038980000000000015,1.63202,9
France,2021-12-20,1.53163,-0.013630000000000031,0.024410000000000043,1.63459,9
France,2022-01-03,1.5367,0.0363,0.08868000000000009,1.6293199999999999,9
France,2022-01-10,1.58835,-0.015349999999999975,0.035679999999999934,1.68232,9
France,2022-01-17,1.6214000000000002,-0.017400000000000082,0.0250999999999999,1.7069,9
France,2022-01-24,1.65402,-0.03801999999999994,0.018119999999999914,1.7248800000000002,9
France,2022-01-31,1.67043,-0.026430000000000176,0.025560000000000027,1.74644,9
France,2022-02-07,1.68538,-0.022380000000000067,0.023640000000000105,1.7653599999999998,9
France,2022-02-14,1.69954,-0.033540000000000125,0.025000000000000133,1.781,9
France,2022-02-21,1.70512,-0.042119999999999935,0.01158999999999999,1.79241,9
France,2022-02-28,1.7415399999999999,-0.0035399999999998766,0.059660000000000046,1.81334,9
France,2022-03-07,1.88312,0.14888000000000012,0.17808000000000002,1.8889200000000002,9
France,2022-03-14,2.14067,0.17132999999999976,0.17650999999999994,2.08249,9
France,2022-03-21,1.97554,0.19745999999999997,0.17035,1.9736500000000001,9
France,2022-03-28,2.1164899999999998,0.06251000000000007,0.12184999999999979,2.00415,9
France,2022-04-04,1.89104,0.16695999999999978,0.22360000000000002,1.8324,9
France,2022-04-11,1.82047,0.17853000000000008,0.23317999999999994,1.7928199999999999,9
France,2022-04-25,1.8759000000000001,0.16310000000000002,0.23883999999999994,1.79016,9
France,2022-05-02,1.8814600000000001,0.19354000000000005,0.2567300000000001,1.80227,9
France,2022-05-09,1.94383,0.13117000000000023,0.22720000000000007,1.8658,9
France,2022-05-16,1.8784,0.16060000000000008,0.23879999999999968,1.8922,9
France,2022-05-23,1.85202,0.1579799999999998,0.18184999999999985,1.97215,9
France,2022-05-30,1.82805,0.20894999999999997,0.23005999999999993,1.9629400000000001,9
France,2022-06-06,1.96146,0.01854,-0.1021700000000001,2.10117,9
France,2022-06-13,2.06935,-0.028350000000000097,-0.12394999999999978,2.13095,9
France,2022-06-20,2.13454,-0.07353999999999994,-0.1549799999999999,2.12898,9
France,2022-06-27,2.1301900000000002,-0.08219000000000021,-0.15773999999999977,2.08674,9
France,2022-07-04,2.0643200000000004,-0.06432000000000038,-0.18232000000000026,2.08232,9
France,2022-07-11,1.99457,-0.029569999999999874,-0.14494000000000007,2.02894,9
France,2022-07-18,1.96956,0.007440000000000113,-0.13678999999999975,2.00079,9
France,2022-07-25,1.93429,0.004709999999999992,-0.10696000000000017,1.9239600000000001,9
France,2022-08-01,1.87823,0.06477,-0.030849999999999822,1.8448499999999999,9
France,2022-08-08,1.83931,0.06668999999999992,-0.07617000000000007,1.83617,9
France,2022-08-15,1.7899100000000001,0.13408999999999982,-0.01238000000000028,1.7793800000000002,9
France,2022-08-22,1.84,0.135,0.021260000000000057,1.77074,9
France,2022-08-29,1.94881,0.12819000000000003,0.05634000000000006,1.77966,9
France,2022-09-05,1.78007,0.37892999999999977,0.4494300000000002,1.6185699999999998,9
France,2022-09-12,1.75474,0.3802599999999998,0.44802999999999993,1.56897,9
France,2022-09-19,1.69648,0.3375199999999998,0.43027000000000015,1.55473,9
France,2022-09-26,1.6593,0.3536999999999999,0.40368000000000004,1.54732,9
France,2022-10-03,1.6956099999999998,0.3203900000000002,0.36729999999999996,1.5737,9
France,2022-10-10,1.8034700000000001,0.3375299999999999,0.361,1.644,9
France,2022-10-17,1.92108,0.23492000000000024,0.28525,1.72675,9
Germany,2021-03-01,1.304,,,1.486,10
Germany,2021-03-08,1.317,,,1.506,10
Germany,2021-03-15,1.325,,,1.524,10
Germany,2021-03-22,1.311,,,1.508,10
Germany,2021-03-29,1.308,,,1.513,10
Germany,2021-04-12,1.308,,,1.517,10
Germany,2021-04-19,1.31,,,1.526,10
Germany,2021-04-26,1.31,,,1.522,10
Germany,2021-05-03,1.315,,,1.526,10
Germany,2021-05-10,1.315,,,1.526,10
Germany,2021-05-17,1.329,,,1.538,10
Germany,2021-05-24,1.337,,,1.541,10
Germany,2021-05-31,1.343,,,1.548,10
Germany,2021-06-07,1.351,,,1.549,10
Germany,2021-06-14,1.361,,,1.556,10
Germany,2021-06-21,1.368,,,1.564,10
Germany,2021-06-28,1.38,,,1.587,10
Germany,2021-07-05,1.385,,,1.594,10
Germany,2021-07-12,1.392,,,1.603,10
Germany,2021-07-19,1.399,,,1.615,10
Germany,2021-07-26,1.395,,,1.613,10
Germany,2021-08-02,1.4,,,1.623,10
Germany,2021-08-09,1.391,,,1.621,10
Germany,2021-08-16,1.392,,,1.623,10
Germany,2021-08-23,1.374,,,1.603,10
Germany,2021-08-30,1.39,,,1.616,10
Germany,2021-09-06,1.395,,,1.624,10
Germany,2021-09-13,1.401,,,1.629,10
Germany,2021-09-20,1.42,,,1.636,10
Germany,2021-09-27,1.437,,,1.633,10
Germany,2021-10-04,1.474,,,1.667,10
Germany,2021-10-11,1.522,,,1.702,10
Germany,2021-10-18,1.56,,,1.73,10
Germany,2021-10-25,1.569,,,1.735,10
Germany,2021-11-01,1.571,,,1.742,10
Germany,2021-11-08,1.575,,,1.752,10
Germany,2021-11-15,1.573,,,1.76,10
Germany,2021-11-22,1.561,,,1.741,10
Germany,2021-11-29,1.55,,,1.714,10
Germany,2021-12-06,1.523,,,1.663,10
Germany,2021-12-13,1.53,,,1.671,10
Germany,2021-12-20,1.518,,,1.659,10
Germany,2022-01-03,1.573,,,1.718,10
Germany,2022-01-10,1.573,,,1.718,10
Germany,2022-01-17,1.604,,,1.732,10
Germany,2022-01-24,1.616,,,1.743,10
Germany,2022-01-31,1.644,,,1.772,10
Germany,2022-02-07,1.663,,,1.789,10
Germany,2022-02-14,1.666,,,1.806,10
Germany,2022-02-21,1.663,,,1.804,10
Germany,2022-02-28,1.738,,,1.873,10
Germany,2022-03-07,2.032,,,2.067,10
Germany,2022-03-14,2.312,,,2.259,10
Germany,2022-03-21,2.173,,,2.144,10
Germany,2022-03-28,2.179,,,2.126,10
Germany,2022-04-04,2.058,,,2.056,10
Germany,2022-04-11,1.999,,,2.026,10
Germany,2022-04-25,2.039,,,2.029,10
Germany,2022-05-02,2.075,,,2.059,10
Germany,2022-05-09,2.075,,,2.093,10
Germany,2022-05-16,2.039,,,2.131,10
Germany,2022-05-23,2.01,,,2.154,10
Germany,2022-05-30,2.037,,,2.193,10
Germany,2022-06-06,1.98,,,1.999,10
Germany,2022-06-13,2.041,,,2.007,10
Germany,2022-06-20,2.061,,,1.974,10
Germany,2022-06-27,2.048,,,1.929,10
Germany,2022-07-04,2.0,,,1.9,10
Germany,2022-07-11,1.965,,,1.884,10
Germany,2022-07-18,1.977,,,1.864,10
Germany,2022-07-25,1.939,,,1.817,10
Germany,2022-08-01,1.943,,,1.814,10
Germany,2022-08-08,1.906,,,1.76,10
Germany,2022-08-15,1.924,,,1.767,10
Germany,2022-08-22,1.975,,,1.792,10
Germany,2022-08-29,2.077,,,1.836,10
Germany,2022-09-05,2.159,,,2.068,10
Germany,2022-09-12,2.135,,,2.017,10
Germany,2022-09-19,2.034,,,1.985,10
Germany,2022-09-26,2.013,,,1.951,10
Germany,2022-10-03,2.016,,,1.941,10
Germany,2022-10-10,2.141,,,2.005,10
Germany,2022-10-17,2.156,,,2.012,10
Luxembourg,2021-03-01,1.154,0.15000000000000013,0.248,1.238,17
Luxembourg,2021-03-08,1.139,0.17799999999999994,0.252,1.254,17
Luxembourg,2021-03-15,1.167,0.15799999999999992,0.2470000000000001,1.277,17
Luxembourg,2021-03-22,1.146,0.16500000000000004,0.2310000000000001,1.277,17
Luxembourg,2021-03-29,1.132,0.17600000000000016,0.262,1.251,17
Luxembourg,2021-04-12,1.132,0.17600000000000016,0.24099999999999988,1.276,17
Luxembourg,2021-04-19,1.132,0.17800000000000016,0.246,1.28,17
Luxembourg,2021-04-26,1.151,0.15900000000000003,0.242,1.28,17
Luxembourg,2021-05-03,1.151,0.16399999999999992,0.246,1.28,17
Luxembourg,2021-05-10,1.177,0.1379999999999999,0.22399999999999998,1.302,17
Luxembourg,2021-05-17,1.177,0.1519999999999999,0.236,1.302,17
Luxembourg,2021-05-24,1.177,0.15999999999999992,0.256,1.285,17
Luxembourg,2021-05-31,1.177,0.16599999999999993,0.2630000000000001,1.285,17
Luxembourg,2021-06-07,1.198,0.15300000000000002,0.248,1.301,17
Luxembourg,2021-06-14,1.198,0.16300000000000003,0.2550000000000001,1.301,17
Luxembourg,2021-06-21,1.214,0.15400000000000014,0.246,1.318,17
Luxembourg,2021-06-28,1.214,0.16599999999999993,0.25,1.337,17
Luxembourg,2021-07-05,1.214,0.17100000000000004,0.2570000000000001,1.337,17
Luxembourg,2021-07-12,1.219,0.17299999999999982,0.2489999999999999,1.354,17
Luxembourg,2021-07-19,1.236,0.16300000000000003,0.2609999999999999,1.354,17
Luxembourg,2021-07-26,1.207,0.18799999999999994,0.2889999999999999,1.324,17
Luxembourg,2021-08-02,1.231,0.16899999999999982,0.268,1.355,17
Luxembourg,2021-08-09,1.231,0.15999999999999992,0.266,1.355,17
Luxembourg,2021-08-16,1.221,0.17099999999999982,0.268,1.355,17
Luxembourg,2021-08-23,1.221,0.15300000000000002,0.248,1.355,17
Luxembourg,2021-08-30,1.236,0.15399999999999991,0.2630000000000001,1.353,17
Luxembourg,2021-09-06,1.236,0.15900000000000003,0.27100000000000013,1.353,17
Luxembourg,2021-09-13,1.236,0.16500000000000004,0.2569999999999999,1.372,17
Luxembourg,2021-09-20,1.276,0.1439999999999999,0.2639999999999998,1.372,17
Luxembourg,2021-09-27,1.276,0.16100000000000003,0.2609999999999999,1.372,17
Luxembourg,2021-10-04,1.328,0.1459999999999999,0.26900000000000013,1.398,17
Luxembourg,2021-10-11,1.376,0.14600000000000013,0.276,1.426,17
Luxembourg,2021-10-18,1.395,0.16500000000000004,0.27,1.46,17
Luxembourg,2021-10-25,1.395,0.17399999999999993,0.258,1.477,17
Luxembourg,2021-11-01,1.395,0.17599999999999993,0.2649999999999999,1.477,17
Luxembourg,2021-11-08,1.394,0.18100000000000005,0.25,1.502,17
Luxembourg,2021-11-15,1.394,0.17900000000000005,0.23399999999999999,1.526,17
Luxembourg,2021-11-22,1.394,0.16700000000000004,0.21500000000000008,1.526,17
Luxembourg,2021-11-29,1.394,0.15600000000000014,0.246,1.468,17
Luxembourg,2021-12-06,1.312,0.21099999999999985,0.29899999999999993,1.364,17
Luxembourg,2021-12-13,1.338,0.19199999999999995,0.2490000000000001,1.422,17
Luxembourg,2021-12-20,1.338,0.17999999999999994,0.21900000000000008,1.44,17
Luxembourg,2022-01-03,1.382,0.19100000000000006,0.24299999999999988,1.475,17
Luxembourg,2022-01-10,1.409,0.16399999999999992,0.24299999999999988,1.475,17
Luxembourg,2022-01-17,1.409,0.19500000000000006,0.2569999999999999,1.475,17
Luxembourg,2022-01-24,1.44,0.17600000000000016,0.246,1.497,17
Luxembourg,2022-01-31,1.44,0.20399999999999996,0.2450000000000001,1.527,17
Luxembourg,2022-02-07,1.475,0.18799999999999994,0.262,1.527,17
Luxembourg,2022-02-14,1.5,0.16599999999999993,0.2530000000000001,1.553,17
Luxembourg,2022-02-21,1.5,0.16300000000000003,0.22799999999999998,1.576,17
Luxembourg,2022-02-28,1.5,0.238,0.278,1.595,17
Luxembourg,2022-03-07,1.728,0.30400000000000005,0.40900000000000025,1.658,17
Luxembourg,2022-03-14,1.695,0.6169999999999998,0.5259999999999998,1.733,17
Luxembourg,2022-03-21,1.761,0.41200000000000014,0.4570000000000001,1.687,17
Luxembourg,2022-03-28,1.945,0.23399999999999976,0.3719999999999999,1.754,17
Luxembourg,2022-04-04,1.757,0.30099999999999993,0.32299999999999995,1.733,17
Luxembourg,2022-04-11,1.683,0.31600000000000006,0.32499999999999973,1.701,17
Luxembourg,2022-04-25,1.756,0.28300000000000014,0.34399999999999986,1.685,17
Luxembourg,2022-05-02,1.841,0.2340000000000002,0.31500000000000017,1.744,17
Luxembourg,2022-05-09,1.818,0.2570000000000001,0.30299999999999994,1.79,17
Luxembourg,2022-05-16,1.745,0.29400000000000004,0.32499999999999973,1.806,17
Luxembourg,2022-05-23,1.704,0.3059999999999998,0.32699999999999996,1.827,17
Luxembourg,2022-05-30,1.79,0.2469999999999999,0.30500000000000016,1.888,17
Luxembourg,2022-06-06,1.896,0.08400000000000007,-0.017999999999999794,2.017,17
Luxembourg,2022-06-13,1.979,0.06199999999999983,0.01100000000000012,1.996,17
Luxembourg,2022-06-20,1.996,0.06499999999999995,0.030999999999999917,1.943,17
Luxembourg,2022-06-27,1.964,0.08400000000000007,0.03200000000000003,1.897,17
Luxembourg,2022-07-04,1.848,0.1519999999999999,0.02200000000000002,1.878,17
Luxembourg,2022-07-11,1.846,0.119,0.08499999999999996,1.799,17
Luxembourg,2022-07-18,1.828,0.14900000000000002,0.14000000000000012,1.724,17
Luxembourg,2022-07-25,1.749,0.18999999999999995,0.10199999999999987,1.715,17
Luxembourg,2022-08-01,1.811,0.13200000000000012,0.08299999999999996,1.731,17
Luxembourg,2022-08-08,1.687,0.21899999999999986,0.16199999999999992,1.598,17
Luxembourg,2022-08-15,1.717,0.20699999999999985,0.129,1.638,17
Luxembourg,2022-08-22,1.804,0.17100000000000004,0.15400000000000014,1.638,17
Luxembourg,2022-08-29,1.9,0.17700000000000005,0.18100000000000005,1.655,17
Luxembourg,2022-09-05,1.826,0.33299999999999974,0.45999999999999996,1.608,17
Luxembourg,2022-09-12,1.877,0.2579999999999998,0.4309999999999998,1.586,17
Luxembourg,2022-09-19,1.782,0.2519999999999998,0.3450000000000002,1.64,17
Luxembourg,2022-09-26,1.81,0.20299999999999985,0.30300000000000016,1.648,17
Luxembourg,2022-10-03,1.84,0.17599999999999993,0.266,1.675,17
Luxembourg,2022-10-10,1.97,0.17100000000000004,0.32999999999999985,1.675,17
Luxembourg,2022-10-17,2.038,0.11800000000000033,0.244,1.768,17
Netherlands,2021-03-01,1.392,-0.08799999999999986,-0.2230000000000001,1.709,19
Netherlands,2021-03-08,1.398,-0.08099999999999996,-0.21500000000000008,1.721,19
Netherlands,2021-03-15,1.405,-0.08000000000000007,-0.2230000000000001,1.747,19
Netherlands,2021-03-22,1.391,-0.08000000000000007,-0.2290000000000001,1.737,19
Netherlands,2021-03-29,1.383,-0.07499999999999996,-0.2140000000000002,1.727,19
Netherlands,2021-04-12,1.382,-0.07399999999999984,-0.2180000000000002,1.735,19
Netherlands,2021-04-19,1.391,-0.08099999999999996,-0.22599999999999998,1.752,19
Netherlands,2021-04-26,1.395,-0.08499999999999996,-0.24099999999999988,1.763,19
Netherlands,2021-05-03,1.408,-0.09299999999999997,-0.24499999999999988,1.771,19
Netherlands,2021-05-10,1.417,-0.10200000000000009,-0.2529999999999999,1.779,19
Netherlands,2021-05-17,1.414,-0.08499999999999996,-0.24299999999999988,1.781,19
Netherlands,2021-05-24,1.404,-0.06699999999999995,-0.22799999999999998,1.769,19
Netherlands,2021-05-31,1.404,-0.06099999999999994,-0.21899999999999986,1.767,19
Netherlands,2021-06-07,1.43,-0.07899999999999996,-0.2370000000000001,1.786,19
Netherlands,2021-06-14,1.437,-0.07600000000000007,-0.22899999999999987,1.785,19
Netherlands,2021-06-21,1.454,-0.08599999999999985,-0.236,1.8,19
Netherlands,2021-06-28,1.461,-0.08100000000000018,-0.22799999999999998,1.815,19
Netherlands,2021-07-05,1.47,-0.08499999999999996,-0.23399999999999999,1.828,19
Netherlands,2021-07-12,1.467,-0.07500000000000018,-0.2330000000000001,1.836,19
Netherlands,2021-07-19,1.464,-0.06499999999999995,-0.2250000000000001,1.84,19
Netherlands,2021-07-26,1.461,-0.06600000000000006,-0.21599999999999997,1.829,19
Netherlands,2021-08-02,1.468,-0.06800000000000006,-0.22100000000000009,1.844,19
Netherlands,2021-08-09,1.461,-0.07000000000000006,-0.22199999999999998,1.843,19
Netherlands,2021-08-16,1.458,-0.06600000000000006,-0.21799999999999997,1.841,19
Netherlands,2021-08-23,1.45,-0.07599999999999985,-0.2270000000000001,1.83,19
Netherlands,2021-08-30,1.465,-0.07500000000000018,-0.22399999999999998,1.84,19
Netherlands,2021-09-06,1.476,-0.08099999999999996,-0.22099999999999986,1.845,19
Netherlands,2021-09-13,1.48,-0.07899999999999996,-0.22100000000000009,1.85,19
Netherlands,2021-09-20,1.499,-0.07900000000000018,-0.2230000000000001,1.859,19
Netherlands,2021-09-27,1.509,-0.07199999999999984,-0.2230000000000001,1.856,19
Netherlands,2021-10-04,1.516,-0.04200000000000004,-0.19500000000000006,1.862,19
Netherlands,2021-10-11,1.595,-0.07299999999999995,-0.2330000000000001,1.935,19
Netherlands,2021-10-18,1.628,-0.06799999999999984,-0.2290000000000001,1.959,19
Netherlands,2021-10-25,1.637,-0.06800000000000006,-0.23099999999999987,1.966,19
Netherlands,2021-11-01,1.64,-0.06899999999999995,-0.236,1.978,19
Netherlands,2021-11-08,1.639,-0.06400000000000006,-0.24,1.992,19
Netherlands,2021-11-15,1.642,-0.06899999999999995,-0.2510000000000001,2.011,19
Netherlands,2021-11-22,1.646,-0.08499999999999996,-0.278,2.019,19
Netherlands,2021-11-29,1.634,-0.08399999999999985,-0.29300000000000015,2.007,19
Netherlands,2021-12-06,1.607,-0.08400000000000007,-0.31600000000000006,1.979,19
Netherlands,2021-12-13,1.606,-0.07600000000000007,-0.30400000000000005,1.975,19
Netherlands,2021-12-20,1.597,-0.07899999999999996,-0.30400000000000005,1.963,19
Netherlands,2022-01-03,1.62,-0.04700000000000015,-0.258,1.976,19
Netherlands,2022-01-10,1.645,-0.07200000000000006,-0.2610000000000001,1.979,19
Netherlands,2022-01-17,1.666,-0.06199999999999983,-0.2530000000000001,1.985,19
Netherlands,2022-01-24,1.698,-0.08199999999999985,-0.2589999999999997,2.002,19
Netherlands,2022-01-31,1.716,-0.07200000000000006,-0.23799999999999977,2.01,19
Netherlands,2022-02-07,1.729,-0.06600000000000006,-0.2390000000000001,2.028,19
Netherlands,2022-02-14,1.748,-0.08200000000000007,-0.242,2.048,19
Netherlands,2022-02-21,1.746,-0.08299999999999996,-0.2510000000000001,2.055,19
Netherlands,2022-02-28,1.788,-0.050000000000000044,-0.2260000000000002,2.099,19
Netherlands,2022-03-07,1.972,0.06000000000000005,-0.16900000000000004,2.236,19
Netherlands,2022-03-14,2.22,0.09199999999999964,-0.07699999999999996,2.336,19
Netherlands,2022-03-21,2.152,0.020999999999999908,-0.14399999999999968,2.288,19
Netherlands,2022-03-28,2.187,-0.008000000000000007,-0.20500000000000007,2.331,19
Netherlands,2022-04-04,2.036,0.021999999999999797,-0.05600000000000005,2.112,19
Netherlands,2022-04-11,2.003,-0.0040000000000000036,-0.05900000000000016,2.085,19
Netherlands,2022-04-25,1.997,0.04200000000000004,-0.05900000000000016,2.088,19
Netherlands,2022-05-02,2.022,0.05300000000000038,-0.052999999999999936,2.112,19
Netherlands,2022-05-09,2.046,0.02900000000000036,-0.06000000000000005,2.153,19
Netherlands,2022-05-16,1.988,0.051000000000000156,-0.04800000000000004,2.179,19
Netherlands,2022-05-23,1.954,0.05599999999999983,-0.07100000000000017,2.225,19
Netherlands,2022-05-30,1.962,0.07499999999999996,-0.05699999999999994,2.25,19
Netherlands,2022-06-06,2.065,-0.08499999999999996,-0.3689999999999998,2.368,19
Netherlands,2022-06-13,2.168,-0.12700000000000022,-0.3620000000000001,2.369,19
Netherlands,2022-06-20,2.187,-0.1259999999999999,-0.3819999999999999,2.356,19
Netherlands,2022-06-27,2.185,-0.137,-0.4069999999999998,2.336,19
Netherlands,2022-07-04,2.161,-0.16100000000000003,-0.40600000000000014,2.306,19
Netherlands,2022-07-11,2.112,-0.14700000000000002,-0.367,2.251,19
Netherlands,2022-07-18,2.051,-0.07400000000000007,-0.32599999999999985,2.19,19
Netherlands,2022-07-25,1.996,-0.05699999999999994,-0.32599999999999985,2.143,19
Netherlands,2022-08-01,1.997,-0.05400000000000005,-0.3169999999999997,2.131,19
Netherlands,2022-08-08,1.966,-0.06000000000000005,-0.32499999999999996,2.085,19
Netherlands,2022-08-15,1.942,-0.018000000000000016,-0.29400000000000004,2.061,19
Netherlands,2022-08-22,1.94,0.03500000000000014,-0.24599999999999977,2.038,19
Netherlands,2022-08-29,2.061,0.016000000000000014,-0.21199999999999997,2.048,19
Netherlands,2022-09-05,2.047,0.11199999999999966,0.05699999999999994,2.011,19
Netherlands,2022-09-12,2.037,0.09799999999999986,0.028999999999999915,1.988,19
Netherlands,2022-09-19,1.979,0.054999999999999716,0.040000000000000036,1.945,19
Netherlands,2022-09-26,1.943,0.06999999999999984,0.02300000000000013,1.928,19
Netherlands,2022-10-03,1.949,0.06699999999999995,0.0030000000000001137,1.938,19
Netherlands,2022-10-10,2.042,0.0990000000000002,0.03299999999999992,1.972,19
Netherlands,2022-10-17,2.118,0.038000000000000256,-0.020000000000000018,2.032,19
Poland,2021-03-01,1.0978299999999999,0.2061700000000002,0.3869500000000001,1.0990499999999999,20
Poland,2021-03-08,1.08213,0.2348699999999999,0.41593000000000013,1.0900699999999999,20
Poland,2021-03-15,1.12324,0.20175999999999994,0.40274999999999994,1.12125,20
Poland,2021-03-22,1.13581,0.17518999999999996,0.37427999999999995,1.13372,20
Poland,2021-03-29,1.12477,0.18323,0.38307999999999987,1.12992,20
Poland,2021-04-12,1.1556099999999998,0.15239000000000025,0.34707999999999983,1.16992,20
Poland,2021-04-19,1.14971,0.16029000000000004,0.3617999999999999,1.1642000000000001,20
Poland,2021-04-26,1.14754,0.16246000000000005,0.35956999999999995,1.16243,20
Poland,2021-05-03,1.1488800000000001,0.16611999999999982,0.36222,1.16378,20
Poland,2021-05-10,1.14945,0.16554999999999986,0.3651900000000001,1.16081,20
Poland,2021-05-17,1.14981,0.17918999999999996,0.37270000000000003,1.1653,20
Poland,2021-05-24,1.16603,0.17097000000000007,0.35870999999999986,1.18229,20
Poland,2021-05-31,1.16503,0.17796999999999996,0.36732999999999993,1.18067,20
Poland,2021-06-07,1.1713699999999998,0.17963000000000018,0.36134999999999984,1.18765,20
Poland,2021-06-14,1.1651099999999999,0.19589000000000012,0.37260000000000004,1.1834,20
Poland,2021-06-21,1.17211,0.19589000000000012,0.3738299999999999,1.1901700000000002,20
Poland,2021-06-28,1.21037,0.16962999999999995,0.35829999999999984,1.2287000000000001,20
Poland,2021-07-05,1.2075,0.1775,0.35623000000000005,1.23777,20
Poland,2021-07-12,1.1943499999999998,0.1976500000000001,0.37104000000000004,1.23196,20
Poland,2021-07-19,1.186,0.21300000000000008,0.3667799999999999,1.24822,20
Poland,2021-07-26,1.18543,0.20957000000000003,0.36478999999999995,1.24821,20
Poland,2021-08-02,1.19471,0.20528999999999997,0.3638299999999999,1.2591700000000001,20
Poland,2021-08-09,1.19252,0.19848,0.3637699999999999,1.25723,20
Poland,2021-08-16,1.19204,0.19995999999999992,0.36609999999999987,1.2569000000000001,20
Poland,2021-08-23,1.18597,0.18803000000000014,0.35182999999999987,1.2511700000000001,20
Poland,2021-08-30,1.1961300000000001,0.19386999999999976,0.36065000000000014,1.25535,20
Poland,2021-09-06,1.2156,0.1794,0.35569000000000006,1.26831,20
Poland,2021-09-13,1.2214500000000001,0.17954999999999988,0.35467000000000004,1.27433,20
Poland,2021-09-20,1.22081,0.19918999999999998,0.37139999999999995,1.2646,20
Poland,2021-09-27,1.23573,0.20127000000000006,0.36385999999999985,1.2691400000000002,20
Poland,2021-10-04,1.26526,0.20873999999999993,0.38727,1.27973,20
Poland,2021-10-11,1.2736500000000002,0.24834999999999985,0.42547,1.27653,20
Poland,2021-10-18,1.2856400000000001,0.27435999999999994,0.44384999999999986,1.2861500000000001,20
Poland,2021-10-25,1.28511,0.28389,0.44925000000000015,1.28575,20
Poland,2021-11-01,1.29504,0.27596,0.44744000000000006,1.29456,20
Poland,2021-11-08,1.30334,0.27166,0.44931999999999994,1.30268,20
Poland,2021-11-15,1.2932000000000001,0.2797999999999998,0.4657500000000001,1.29425,20
Poland,2021-11-22,1.28129,0.2797099999999999,0.4564400000000002,1.28456,20
Poland,2021-11-29,1.28704,0.2629600000000001,0.42613999999999996,1.28786,20
Poland,2021-12-06,1.3094400000000002,0.21355999999999975,0.35473,1.30827,20
Poland,2021-12-13,1.29761,0.2323900000000001,0.37697,1.29403,20
Poland,2021-12-20,1.25049,0.2675099999999999,0.41739000000000015,1.2416099999999999,20
Poland,2022-01-03,1.25351,0.31949000000000005,0.47156,1.24644,20
Poland,2022-01-10,1.2701300000000002,0.30286999999999975,0.4573099999999999,1.26069,20
Poland,2022-01-17,1.27334,0.3306600000000002,0.4697199999999999,1.26228,20
Poland,2022-01-24,1.2851400000000002,0.33085999999999993,0.46902,1.2739800000000001,20
Poland,2022-01-31,1.29281,0.3511899999999999,0.48906000000000005,1.28294,20
Poland,2022-02-07,1.16153,0.5014700000000001,0.63706,1.15194,20
Poland,2022-02-14,1.17831,0.48768999999999996,0.6372200000000001,1.16878,20
Poland,2022-02-21,1.2001700000000002,0.46282999999999985,0.61273,1.19127,20
Poland,2022-02-28,1.25222,0.4857799999999999,0.6301300000000001,1.24287,20
Poland,2022-03-07,1.40948,0.62252,0.7542100000000003,1.31279,20
Poland,2022-03-14,1.64839,0.6636099999999998,0.7975499999999998,1.4614500000000001,20
Poland,2022-03-21,1.54559,0.62741,0.7388600000000001,1.40514,20
Poland,2022-03-28,1.62664,0.5523599999999997,0.71417,1.41183,20
Poland,2022-04-04,1.60628,0.4517199999999999,0.6357600000000001,1.42024,20
Poland,2022-04-11,1.52525,0.4737500000000001,0.6415899999999997,1.3844100000000001,20
Poland,2022-04-25,1.55719,0.48181000000000007,0.6292899999999999,1.39971,20
Poland,2022-05-02,1.5873499999999998,0.48765000000000036,0.6360400000000002,1.42296,20
Poland,2022-05-09,1.5836199999999998,0.49138000000000037,0.6388399999999999,1.4541600000000001,20
Poland,2022-05-16,1.55856,0.4804400000000002,0.5923099999999997,1.5386900000000001,20
Poland,2022-05-23,1.55491,0.4550899999999998,0.5689599999999999,1.58504,20
Poland,2022-05-30,1.5476500000000002,0.48934999999999973,0.5587600000000001,1.63424,20
Poland,2022-06-06,1.63085,0.34915000000000007,0.2700500000000001,1.72895,20
Poland,2022-06-13,1.6173199999999999,0.42368000000000006,0.29264000000000023,1.7143599999999999,20
Poland,2022-06-20,1.6913900000000002,0.36960999999999977,0.27132999999999985,1.7026700000000001,20
Poland,2022-06-27,1.6800899999999999,0.3679100000000002,0.26489000000000007,1.66411,20
Poland,2022-07-04,1.64251,0.3574900000000001,0.26585999999999976,1.6341400000000001,20
Poland,2022-07-11,1.5739100000000001,0.39108999999999994,0.32767999999999997,1.55632,20
Poland,2022-07-18,1.5905799999999999,0.3864200000000002,0.30571000000000015,1.55829,20
Poland,2022-07-25,1.60631,0.33269000000000015,0.2695299999999998,1.5474700000000001,20
Poland,2022-08-01,1.5903900000000002,0.35260999999999987,0.2809300000000001,1.53307,20
Poland,2022-08-08,1.5224300000000002,0.38356999999999974,0.3043699999999998,1.4556300000000002,20
Poland,2022-08-15,1.52162,0.40237999999999996,0.30563000000000007,1.4613699999999998,20
Poland,2022-08-22,1.50708,0.4679200000000001,0.42005000000000003,1.37195,20
Poland,2022-08-29,1.60455,0.47245000000000004,0.45076000000000005,1.38524,20
Poland,2022-09-05,1.61327,0.5457299999999998,0.69177,1.37623,20
Poland,2022-09-12,1.58471,0.5502899999999997,0.6535299999999999,1.36347,20
Poland,2022-09-19,1.53107,0.5029299999999999,0.6570500000000001,1.32795,20
Poland,2022-09-26,1.50637,0.5066299999999999,0.62584,1.3251600000000001,20
Poland,2022-10-03,1.51198,0.5040199999999999,0.61209,1.32891,20
Poland,2022-10-10,1.63127,0.50973,0.60938,1.3956199999999999,20
Poland,2022-10-17,1.6637899999999999,0.49221000000000026,0.5891600000000001,1.4228399999999999,20
